公司名称,统一社会信用代码,注册地址,企业主表所属城市,高德返回格式化地址,高德返回省,高德返回市,高德返回区县,adcode,经度,纬度,level,高德状态,高德信息,返回条数
广东省低空经济产业发展有限公司,91440000MADNK47L8G,广东省广州市白云区三元里街道机场路航云北街自编342幢2楼,广州市,广东省广州市白云区三元里街道机场路航云北街,广东省,广州市,白云区,440111,113.261524,23.179122,道路,1,OK,3
鹏城低空经济产业发展（深圳）有限公司,91440300MA5HRHAL06,深圳市福田区华强北街道荔村社区华强北路2030号桑达418栋夹1层整层,深圳市,广东省深圳市福田区华强北街道荔村社区华强北路2030号,广东省,深圳市,福田区,440304,114.085654,22.548192,门牌号,1,OK,1
国合智联低空经济研究（广州）有限公司,91440101MA5AQDU541,广州市南沙区进港大道20号119商铺自编402室（仅限办公用途）,广州市,广东省广州市南沙区进港大道20号,广东省,广州市,南沙区,440115,113.545219,22.799759,门址,1,OK,2
星链低空经济产业（广东）有限公司,91440300MADN5D039E,深圳市前海深港合作区南山街道自贸西街151号招商局前海经贸中心一期401-A19,深圳市,广东省深圳市南山区前海深港合作区南山街道自贸西街,广东省,深圳市,南山区,440305,113.888338,22.502337,道路,1,OK,4
广州低空经济科技有限公司,91440118MADN3D7G9W,广州市增城区华立科技园华立路1号广东工业大学华立学院办公楼7号8175,广州市,广东省广州市增城区华立学院(公交站),广东省,广州市,增城区,440118,113.862951,23.239128,公交地铁站点,1,OK,1
东融低空经济产业（深圳）有限公司,91440300MACM90CQ7A,深圳市盐田区盐田街道盐田社区盐三路东部通航直升机基地1层,深圳市,广东省深圳市宝安区盐田村宝安街道盐田社区,广东省,深圳市,宝安区,440306,113.862630,22.580950,村庄,1,OK,5
广州低空经济发展有限公司,91440104MACCLRUY7P,广州市越秀区解放南路123号3楼B35,广州市,广东省广州市越秀区解放南路123号,广东省,广州市,越秀区,440104,113.262313,23.116949,门址,1,OK,4
东莞市低空经济发展有限公司,91441900MAE55MNM0H,广东省东莞市松山湖园区学府路1号9栋108室,东莞市,广东省东莞市松山湖学府路1号9栋,广东省,东莞市,,441900,113.866119,22.899097,小巷,1,OK,3
深圳低空经济发展有限公司,91440300MACYHDQ117,深圳市龙华区观澜街道桂花社区贵湖塘街北巷8号201,深圳市,广东省深圳市龙华区观澜街道桂花社区贵湖塘街北巷8号,广东省,深圳市,龙华区,440309,114.056981,22.721253,门址,1,OK,1
华南低空经济（广东）有限公司,91441900MAE9MFMNXH,广东省东莞市塘厦镇高丽五路1号之七2栋302室,东莞市,,,,,,,,,0,CUQPS_HAS_EXCEEDED_THE_LIMIT,0
岭南低空经济（广东）有限公司,91441900MAE9W1PY5U,广东省东莞市塘厦镇莲湖南四横路5号2号楼301室,东莞市,广东省东莞市塘厦镇莲湖南四横路5号,广东省,东莞市,,441900,114.107638,22.820023,门牌号,1,OK,2
广东省民资低空经济发展有限公司,91441900MAECTQJX3N,广东省东莞市南城街道东莞大道南城段428号寰宇汇金中心9栋2单元502室,东莞市,广东省东莞市南城街道东莞大道,广东省,东莞市,,441900,113.740356,22.987601,道路,1,OK,3
广东华疆低空经济有限公司,91441900MAEG8GEK77,广东省东莞市东城街道堑头围仔四巷6号之一,东莞市,广东省东莞市东城街道堑头街道四巷6号,广东省,东莞市,,441900,113.816882,23.037167,门址,1,OK,5
璀璨低空经济发展（广东）有限公司,91441900MAK20KJU6M,广东省东莞市松山湖园区总部二路9号1栋1单元407、409室（集群注册）,东莞市,,,,,,,,,0,CUQPS_HAS_EXCEEDED_THE_LIMIT,0
深圳市九州低空经济有限公司,91440300MA5HWRQK9H,深圳市罗湖区南湖街道嘉北社区人民南路3012号天安国际大厦C2306F7,深圳市,广东省深圳市罗湖区南湖街道嘉北社区社区人民南路天安国际大厦,广东省,深圳市,罗湖区,440303,114.119377,22.542010,兴趣点,1,OK,1
广东省湾区低空经济研究院,91440605MACKUJWX67,佛山市南海区丹灶镇仙湖度假区阳光路3号仙湖湾商业广场C座1层之一（住所申报）,佛山市,广东省佛山市南海区丹灶镇仙湖阳光路8号,广东省,佛山市,南海区,440605,112.884884,23.050042,门牌号,1,OK,8
广东飞能低空经济发展有限公司,91440523MAC9QJG88F,汕头市龙湖区蓝田庄南区4幢401号房之一,汕头市,广东省汕头市龙湖区蓝田庄南区,广东省,汕头市,龙湖区,440507,116.739315,23.369334,住宅区,1,OK,1
深圳竹园新低空经济发展有限公司,91440300MAEEP8Q33W,深圳市罗湖区翠竹街道翠竹社区东门北路2057号翠竹苑37栋1层整层,深圳市,,,,,,,,,0,CUQPS_HAS_EXCEEDED_THE_LIMIT,0
广州低空经济产业发展有限公司,91440115MAEHUHN71L,广州市南沙区横沥镇海望路7号第4层04自编号01单元-A18,广州市,广东省广州市南沙区横沥镇,广东省,广州市,南沙区,440115,113.498253,22.749483,乡镇,1,OK,1
深圳晟坤低空经济有限公司,91440300MA5GRELF2P,深圳市福田区沙头街道金碧社区福荣路58号鸿景湾名苑B栋1706,深圳市,广东省深圳市福田区沙头街道金碧社区福荣路58号鸿景湾名苑(东门),广东省,深圳市,福田区,440304,114.028318,22.522309,兴趣点,1,OK,1
韶关市鹏翔低空经济发展有限公司,91440204MAA4HQEQ44,韶关市武江区惠民北路493号奥园.韶关印象F幢4层11号客房,韶关市,广东省韶关市武江区惠民北路493号,广东省,韶关市,武江区,440203,113.572799,24.821152,门牌号,1,OK,1
广东财富低空经济有限公司,91441900MAEF1GR154,广东省东莞市沙田镇杨和路336号501室,东莞市,广东省东莞市沙田镇杨和路336号,广东省,东莞市,,441900,113.620781,22.925648,门牌号,1,OK,1
深圳兰德低空经济咨询有限公司,91440300312065452K,深圳市宝安区新安街道安乐社区40区新安一路与翻身路交汇处西侧银鸿大厦1018,深圳市,广东省深圳市宝安区新安街道安乐社区新安一路与翻身路西侧街道银鸿大楼,广东省,深圳市,宝安区,440306,113.901721,22.553568,兴趣点,1,OK,1
中和领航低空经济发展（深圳）有限公司,91440300MA5G0Y8T1X,深圳市光明区光明街道东周社区聚丰路1801号研祥智谷3栋三层,深圳市,广东省深圳市光明区光明街道东周凤凰社区聚丰路研祥智谷,广东省,深圳市,光明区,440311,113.925542,22.757492,住宅区,1,OK,2
深圳适航低空经济有限公司,91440300MAEDAJ7C3N,深圳市龙岗区园山街道保安社区赐昌路6号306-A14,深圳市,,,,,,,,,0,CUQPS_HAS_EXCEEDED_THE_LIMIT,0
深圳恒泽荣耀低空经济有限公司,914403000939188802,深圳市龙华区龙华街道景龙社区龙华人民路4122号锦福大厦601,深圳市,广东省深圳市龙华区龙华街道景龙社区龙华人民路4122号锦福大厦,广东省,深圳市,龙华区,440309,114.022433,22.654569,兴趣点,1,OK,1
广东正好低空经济产业发展有限公司,91440101MA9UM2J74X,广州市番禺区洛浦街道洛浦北环路88号LOFT54-4号楼111单元,广州市,广东省广州市番禺区洛浦街道北环路88号loft54号,广东省,广州市,番禺区,440113,113.293907,23.049488,小巷,1,OK,2
深圳民益低空经济发展有限公司,91440300MA5FP0HB4H,深圳市龙岗区龙岗街道南联社区爱南路289-3号202,深圳市,广东省深圳市龙岗区龙岗街道南联社区街道爱南路289-3号,广东省,深圳市,龙岗区,440307,114.259803,22.707593,门址,1,OK,1
城际低空经济产业发展（广州）有限公司,91440101MA5D3K068M,广州市番禺区南村镇员岗村鹏程围A07,广州市,广东省广州市番禺区南村镇员岗村鹏程围,广东省,广州市,番禺区,440113,113.357819,23.014898,未知,1,OK,2
广东省飞的低空经济产业有限公司,91440300MA5HNMFG3D,深圳市光明区新湖街道云谷社区圳园路98号光明天安云谷产业园1栋A座35层,深圳市,广东省深圳市光明区新湖街道圳园路光明天安云谷,广东省,深圳市,光明区,440311,113.965554,22.790773,住宅区,1,OK,3
华南低空经济开发（广东）有限公司,91440111MADXNM8K0K,广州市白云区永平街永泰磨刀南街80号1002之C1369房,广州市,广东省广州市白云区永泰乡磨刀南街80号,广东省,广州市,白云区,440111,113.305908,23.221166,门址,1,OK,1
佛山君航低空经济技术发展有限公司,91440605MAE15LPX70,佛山市南海区狮山镇罗村联和大道45号26座之五（住所申报）,佛山市,,,,,,,,,0,CUQPS_HAS_EXCEEDED_THE_LIMIT,0
深圳智翔低空经济发展有限公司,91440300MAE5PJ9H11,深圳市福田区沙头街道天安社区泰然五路6号天安数码城天经大厦七层7C1-K21,深圳市,广东省深圳市福田区沙头街道天安社区居委会泰然五路6号深圳天安数码城天经大厦,广东省,深圳市,福田区,440304,114.031786,22.531544,兴趣点,1,OK,1
广东通翔低空经济发展有限公司,91440300MAEAYHA58U,江门市蓬江区良化新村西98号103室自编之二、203室、204室（一址多照）,江门市,广东省江门市蓬江区良化新村西98号之103,广东省,江门市,蓬江区,440703,113.103178,22.602937,门址,1,OK,1
中飞低空经济发展（汕尾）有限公司,91441502MAE9WFPB5M,汕尾市城区和顺路82号2楼202室（自主申报）,汕尾市,广东省汕尾市城区和顺路,广东省,汕尾市,城区,441502,115.382677,22.785019,道路,1,OK,1
深信低空经济发展（广东）有限公司,91442000MAEDFKRK6L,中山市南朗街道翠亨新区中准道32号非常城市智慧港1栋11层11G01,中山市,,,,,,,,,0,CUQPS_HAS_EXCEEDED_THE_LIMIT,0
华粤低空经济（深圳）有限公司,91440300MAED1Y1C72,深圳市南山区粤海街道科技园社区科苑路8号讯美科技广场1号楼27B,深圳市,广东省深圳市南山区粤海街道科技园社区居委会科苑北路8号讯美科技广场1号楼,广东省,深圳市,南山区,440305,113.947513,22.546076,兴趣点,1,OK,1
深圳飞飞低空经济科技有限公司,91440300MAEDGFPM1D,深圳市光明区玉塘街道玉律社区光侨大道1028号汇东晟工业园4栋801,深圳市,广东省深圳市光明区玉塘街道玉律社区根玉路1028号,广东省,深圳市,光明区,440311,113.904769,22.720632,门牌号,1,OK,2
广东光擎智联低空经济发展有限公司,91440812MAEEEBBE6X,湛江经济技术开发区绿华路48号华都汇7号综合楼22A07号04办公室（仅限办公用途）,湛江市,广东省湛江市霞山区绿华路华都汇(5号门)7号综合楼,广东省,湛江市,霞山区,440803,110.398488,21.228991,小巷,1,OK,1
广东万维航科低空经济发展有限公司,91440812MAEG4BPF08,湛江经济技术开发区乐金路19号上景中心1号商务办公楼1906号办公室（一址多照）,湛江市,,,,,,,,,0,CUQPS_HAS_EXCEEDED_THE_LIMIT,0
中和科苑低空经济发展（东莞）有限公司,91441900MAEKCE83X1,广东省东莞市大岭山镇大岭大坪街39号201室,东莞市,广东省东莞市大岭山镇大岭,广东省,东莞市,,441900,113.976312,22.951434,村庄,1,OK,5
中粤航低空经济（深圳）有限公司,91440300MADURURC7C,深圳市南山区粤海街道高新区社区高新南七道206号高新工业村R2-B座562,深圳市,广东省深圳市南山区粤海街道高新区社区高新南七道206号高新工业村r2-b座,广东省,深圳市,南山区,440305,113.943905,22.533966,门址,1,OK,1
城市快线（深圳）低空经济发展有限公司,91440300MAE03GA817,深圳市南山区粤海街道滨海社区高新南十道81、83、85号深圳市软件产业基地1栋A座6F-1,深圳市,广东省深圳市南山区粤海街道滨海社区居委会高新南十道81号深圳市软件产业基地1栋a座,广东省,深圳市,南山区,440305,113.939363,22.524558,小巷,1,OK,1
马上起飞（深圳）低空经济有限公司,91440300MAE447RK2U,深圳市宝安区新安街道布心社区74区布心二村C1-2栋416,深圳市,,,,,,,,,0,CUQPS_HAS_EXCEEDED_THE_LIMIT,0
广东省彩航低空经济发展有限公司,91441900MAE6569F1T,广东省东莞市道滘镇万道路道滘段2号8号楼310室,东莞市,广东省东莞市道滘镇万道路道滘段,广东省,东莞市,,441900,113.686910,23.016162,道路,1,OK,3
跨界低空经济发展（深圳）有限公司,91440300MAE77J4R5J,深圳市盐田区盐田街道明珠社区盐田北四街1号和亨中心广场A栋2306,深圳市,广东省深圳市盐田区盐田街道明珠社区盐田北四街1号和亨中心广场a栋,广东省,深圳市,盐田区,440308,114.251323,22.588834,门址,1,OK,1
深圳市建效合得低空经济有限公司,91440300MAE8A56P08,深圳市龙岗区园山街道荷坳社区龙岗大道8288号大运软件小镇15栋101,深圳市,广东省深圳市龙岗区园山街道荷坳社区龙岗大道8288号大运软件小镇15栋,广东省,深圳市,龙岗区,440307,114.229150,22.684965,兴趣点,1,OK,1
中科低空经济（广东）有限公司,91440604MAE94ATM4M,佛山市禅城区南庄镇陶博大道10号一座1215室（住所申报）,佛山市,,,,,,,,,0,CUQPS_HAS_EXCEEDED_THE_LIMIT,0
时空鹰（中山）低空经济有限公司,91442000MAE9N3HC0M,中山市横栏镇庆丰路23号首层之2,中山市,广东省中山市横栏镇庆丰路23号,广东省,中山市,,442000,113.187643,22.619124,门牌号,1,OK,2
领路者（深圳）低空经济投资有限公司,91440300MAE8YP5D18,深圳市宝安区西乡街道蚝业社区大铲湾蓝色未来科技园二期9栋4层,深圳市,广东省深圳市宝安区西乡宝安街道蚝业社区大铲湾蓝色未来科技园(公交站),广东省,深圳市,宝安区,440306,113.860380,22.553109,公交地铁站点,1,OK,1
粤东低空经济（广东）有限公司,91440604MAE95LGY59,佛山市禅城区石湾镇街道季华六路32号四座802室（住所申报）,佛山市,广东省佛山市禅城区石湾镇街道季华六路32号,广东省,佛山市,禅城区,440604,113.139327,23.011818,门址,1,OK,3
广东再来低空经济发展有限公司,91440802MAEA7DU65U,湛江市赤坎区百姓东一路26号601房（仅限办公）,湛江市,广东省湛江市赤坎区百姓东一路26号,广东省,湛江市,赤坎区,440802,110.369977,21.267193,门址,1,OK,1
港澳大湾低空经济（广东）有限公司,91440604MAE9RW1G21,佛山市禅城区南庄镇帝景北路16号2区十一座1305房（住所申报）,佛山市,广东省佛山市禅城区南庄镇帝景北路16号住所申报,广东省,佛山市,禅城区,440604,113.012925,22.980925,兴趣点,1,OK,2
新航道（佛山）低空经济发展有限公司,91440606MAEA6A1J3G,佛山市顺德区乐从镇东平社区岭南大道南10号新睿广场1栋1003室（住所申报）,佛山市,广东省佛山市顺德区乐从镇永兴社区住所申报,广东省,佛山市,顺德区,440606,113.200017,22.931592,兴趣点,1,OK,4
中交低空经济（广东）有限公司,91440604MAE9FGW34Y,佛山市禅城区张槎街道轻工南七街3号内自编2号楼五层东侧A区48D室,佛山市,,,,,,,,,0,CUQPS_HAS_EXCEEDED_THE_LIMIT,0
中深低空经济（深圳）有限公司,91440300MAE8RMLR1L,深圳市南山区粤海街道科技园社区科苑路8号讯美科技广场1号楼2013,深圳市,广东省深圳市南山区粤海街道科技园社区居委会科苑北路8号讯美科技广场1号楼,广东省,深圳市,南山区,440305,113.947513,22.546076,兴趣点,1,OK,1
顺天明德（广东）低空经济发展有限公司,91440606MAEAP3BC47,佛山市顺德区伦教街道常教社区世纪路6号华海大厦108号商铺之十,佛山市,广东省佛山市顺德区伦教街道常教社区居委会世纪大道6号华海大厦,广东省,佛山市,顺德区,440606,113.204468,22.884373,兴趣点,1,OK,1
明途领航（中山）低空经济发展有限公司,91442000MAE96K3M7W,中山市南朗街道兴朗路东侧2号23卡之一,中山市,广东省中山市南朗街道兴朗路,广东省,中山市,,442000,113.539634,22.500239,道路,1,OK,6
涡小流低空经济发展（佛山）有限公司,91440608MAEBAX6PXA,佛山市高明区荷城街道西头村犀头创意产业园C101号之二（住所申报）,佛山市,广东省佛山市高明区荷城街道西头村犀头创意产业园,广东省,佛山市,高明区,440608,112.879259,22.906496,住宅区,1,OK,3
南方低空经济（广东）有限公司,91440883MAEAREF880,吴川市博铺街道梅化路旁边房屋三楼（钟康娣房屋）（住所信息自主申报）,湛江市,广东省湛江市吴川市博铺街道梅化路,广东省,湛江市,吴川市,440883,110.792054,21.449702,道路,1,OK,3
阖众低空经济发展（广东）有限公司,91440300MAEB68JR9Q,深圳市罗湖区莲塘街道莲花社区港莲路2号莲通楼A204,深圳市,广东省深圳市罗湖区莲塘街道莲花社区港莲路2号,广东省,深圳市,罗湖区,440303,114.180130,22.558277,门址,1,OK,3
中能低空经济（深圳）有限公司,91440300MAEBLKEN9T,深圳市南山区粤海街道高新区社区科技南十二路18号长虹科技大厦1611,深圳市,,,,,,,,,0,CUQPS_HAS_EXCEEDED_THE_LIMIT,0
航旅低空经济（深圳）有限公司,91440300MAEBB8BC2L,深圳市南山区招商街道花果山社区工业六路4号兴华工业大厦7栋AB座409-4,深圳市,广东省深圳市南山区招商街道花果山社区工业六路4号兴华工业大厦7栋A座,广东省,深圳市,南山区,440305,113.919219,22.493348,门址,1,OK,1
创华低空经济（深圳）有限公司,91440300MAEC599L43,深圳市南山区粤海街道高新区社区科技南十二路18号长虹科技大厦811,深圳市,广东省深圳市南山区粤海街道高新区社区高新南七道18号长虹科技大厦,广东省,深圳市,南山区,440305,113.957613,22.538135,兴趣点,1,OK,1
航宇低空经济（深圳）有限公司,91440300MAEBJ8Q38X,深圳市南山区招商街道花果山社区工业六路4号兴华工业大厦7栋CD座401-19,深圳市,广东省深圳市南山区招商街道花果山社区工业六路4号兴华工业大厦7栋cd座,广东省,深圳市,南山区,440305,113.920388,22.494623,未知,1,OK,1
云界（深圳）低空经济发展有限公司,91440300MAEC0KLW38,深圳市宝安区西乡街道固戍社区下围园万力华一方天地互联网产业园A栋(G1)303,深圳市,,,,,,,,,0,CUQPS_HAS_EXCEEDED_THE_LIMIT,0
中安低空经济（广东）有限公司,91441900MAECNX877Q,广东省东莞市塘厦镇林电路5号1401室,东莞市,广东省东莞市塘厦镇林电路6号,广东省,东莞市,,441900,114.084990,22.841282,门牌号,1,OK,1
中粤低空经济（深圳）有限公司,91440300MAECP38D59,深圳市罗湖区南湖街道嘉北社区人民南路3009号新安大厦1208,深圳市,广东省深圳市罗湖区南湖街道嘉北社区社区人民南路新安大厦,广东省,深圳市,罗湖区,440303,114.118432,22.541939,兴趣点,1,OK,1
华中（深圳）低空经济发展有限公司,91440300MAECCUFD20,深圳市南山区粤海街道高新区社区科技南十二路18号长虹科技大厦2406,深圳市,广东省深圳市南山区粤海街道高新区社区高新南七道18号长虹科技大厦,广东省,深圳市,南山区,440305,113.957613,22.538135,兴趣点,1,OK,1
中资低空经济（广东）有限公司,91440604MAECTQH435,佛山市禅城区张槎街道佛山大道北179号3座310室（住所申报）,佛山市,,,,,,,,,0,CUQPS_HAS_EXCEEDED_THE_LIMIT,0
深圳亿航低空经济咨询有限公司,91440300MAECTUBB3N,深圳市南山区南头街道大汪山社区桃园东路1号西海明珠花园F座2013-2,深圳市,广东省深圳市南山区南头街道大汪山社区西海明珠花园F座,广东省,深圳市,南山区,440305,113.930919,22.531728,兴趣点,1,OK,1
中天低空经济（深圳）有限公司,91440300MAEC439U6D,深圳市南山区粤海街道大冲社区深南大道9672号大冲商务中心（一期）2栋4号楼18A,深圳市,广东省深圳市南山区粤海街道大冲深南大道9672号大冲商务中心,广东省,深圳市,南山区,440305,113.952558,22.541045,兴趣点,1,OK,2
深圳艾翔低空经济科技有限公司,91440300MAEC94LY5R,深圳市宝安区航城街道三围社区雅居苑B栋9单元203,深圳市,,,,,,,,,0,CUQPS_HAS_EXCEEDED_THE_LIMIT,0
蓝锐华疆（深圳）低空经济产业有限公司,91440300MAED5W666M,深圳市龙华区民治街道新牛社区牛栏前大厦A911,深圳市,广东省深圳市龙华区民治街道新牛社区牛栏前大厦,广东省,深圳市,龙华区,440309,114.037728,22.634724,兴趣点,1,OK,1
深圳新空时代低空经济有限公司,91440300MAEDFCPP25,深圳市福田区沙头街道天安社区泰然五路6号天安数码城天经大厦二层2D18,深圳市,广东省深圳市福田区沙头街道天安社区居委会泰然五路6号深圳天安数码城天经大厦,广东省,深圳市,福田区,440304,114.031786,22.531544,兴趣点,1,OK,1
中产低空经济（深圳）有限公司,91440300MAEBRH9P8L,深圳市罗湖区莲塘街道莲花社区港莲路2号莲通楼A604,深圳市,广东省深圳市罗湖区莲塘街道莲花社区港莲路2号,广东省,深圳市,罗湖区,440303,114.180130,22.558277,门址,1,OK,1
广东印太低空经济有限公司,91440106MAEC4TAJ33,广州市天河区天寿路沾益直街4号大院第2宗地自编4号南座3-6层C303房,广州市,,,,,,,,,0,CUQPS_HAS_EXCEEDED_THE_LIMIT,0
汕尾市联智低空经济有限公司,91441502MAECE0NR7K,汕尾市城区西洋村6号退役军人创业孵化基地一楼1121号（自主申报）,汕尾市,,,,,,,,,0,ENGINE_RESPONSE_DATA_ERROR,0
广飞低空经济（深圳）有限公司,91440300MAEDMNQR3N,深圳市南山区粤海街道高新区社区科技南十二路18号长虹科技大厦806-07,深圳市,广东省深圳市南山区粤海街道高新区社区高新南七道18号长虹科技大厦,广东省,深圳市,南山区,440305,113.957613,22.538135,兴趣点,1,OK,1
飞悦低空经济（深圳）有限公司,91440300MAEDCJ394F,深圳市福田区福田街道福山社区滨河大道5022号联合广场A座2002P19,深圳市,广东省深圳市福田区福田街道福山社区滨河大道5022号联合广场a座,广东省,深圳市,福田区,440304,114.068923,22.529947,门址,1,OK,1
领航低空经济（广东）有限公司,91441900MAEDDBG582,广东省东莞市南城街道溢园街5号2栋510室（集群注册）,东莞市,,,,,,,,,0,CUQPS_HAS_EXCEEDED_THE_LIMIT,0
万域（深圳）低空经济投资有限公司,91440300MAEEP4CY74,深圳市龙华区民治街道新牛社区牛栏前大厦A911,深圳市,广东省深圳市龙华区民治街道新牛社区牛栏前大厦,广东省,深圳市,龙华区,440309,114.037728,22.634724,兴趣点,1,OK,1
湛江金湛云低空经济发展有限公司,91440802MAEEGWYJ19,湛江市赤坎区幸福路59号幸福花园6栋104房,湛江市,广东省湛江市赤坎区幸福路59号,广东省,湛江市,赤坎区,440802,110.364655,21.277188,门址,1,OK,2
惠州市蜻蜓低空经济发展有限公司,91441381MAEDU3DX9T,惠州市惠阳区秋长高岭村鑫月御园1层25号,惠州市,广东省惠州市惠阳区秋长高岭村鑫月御园,广东省,惠州市,惠阳区,441303,114.437650,22.805388,住宅区,1,OK,1
灵鸢低空经济（广东）有限公司,91441900MAEEN8JG4Y,广东省东莞市南城街道溢园街5号2栋510室（集群注册）,东莞市,,,,,,,,,0,CUQPS_HAS_EXCEEDED_THE_LIMIT,0
广东全域低空经济有限公司,91441900MAEDDWYF11,广东省东莞市南城街道溢园街5号2栋510室（集群注册）,东莞市,,,,,,,,,0,CUQPS_HAS_EXCEEDED_THE_LIMIT,0
金航通（汕头）低空经济有限公司,91440500MAEFAY863C,汕头市津河路22号凯旋门雅苑12幢409之四十三,汕头市,广东省汕头市龙湖区津河路22号凯旋门雅苑(西南门),广东省,汕头市,龙湖区,440507,116.772406,23.348438,兴趣点,1,OK,1
深圳擎空低空经济有限公司,91440300MAEERM678P,深圳市宝安区新桥街道新桥社区新桥三路11号新熙大厦603,深圳市,,,,,,,,,0,CUQPS_HAS_EXCEEDED_THE_LIMIT,0
嘉馨（广州）低空经济产业发展有限公司,91440113MAEGPGXA9J,广州市番禺区东环街番禺大道北555号天安总部中心23号楼1101单元,广州市,广东省广州市番禺区番禺大道北555号天安总部中心23号楼,广东省,广州市,番禺区,440113,113.373908,22.978208,门址,1,OK,1
广东粤粮低空经济产业发展有限公司,91440105MAEF38Q26T,广州市海珠区沥滘路368号34层自编3401、3402、3403单元,广州市,广东省广州市海珠区沥滘路368号,广东省,广州市,海珠区,440105,113.313283,23.053933,门址,1,OK,2
中天（深圳）低空经济产业投资有限公司,91440300MAEF6G4246,深圳市南山区招商街道花果山社区工业六路4号兴华工业大厦7栋AB座413A-5,深圳市,广东省深圳市南山区招商街道花果山社区工业六路4号兴华工业大厦7栋A座,广东省,深圳市,南山区,440305,113.919219,22.493348,门址,1,OK,1
韶关航宇低空经济发展有限公司,91440204MAEGNB862R,韶关市浈江区大学路313号浈江中等职业学校教学实训楼6栋5层,韶关市,广东省韶关市浈江区大学路151,广东省,韶关市,浈江区,440204,113.609840,24.803777,门牌号,1,OK,5
华鹰低空经济开发（深圳）有限公司,91440300MAEGQQAG4E,深圳市南山区招商街道水湾社区太子路18号海景广场大厦4C10D29,深圳市,广东省深圳市南山区招商街道水湾太子路18号,广东省,深圳市,南山区,440305,113.914375,22.482813,门址,1,OK,1
深圳智投低空经济产业发展有限公司,91440300MAEGM6K198,深圳市福田区福田街道福安社区民田路178号华融大厦702G32,深圳市,广东省深圳市福田区福田街道福安社区民田路178号华融大厦(北门),广东省,深圳市,福田区,440304,114.053526,22.538126,兴趣点,1,OK,1
城市快线低空经济（广东）有限公司,91441900MAEGQQ7E96,广东省东莞市虎门镇怀德路24号603房,东莞市,,,,,,,,,0,CUQPS_HAS_EXCEEDED_THE_LIMIT,0
岭南低空经济发展（惠州）有限公司,91441302MAEH6HN11P,惠州市惠城区三栋镇沙澳村牛塘地块002,惠州市,广东省惠州市惠城区三栋镇沙澳村,广东省,惠州市,惠城区,441302,114.466439,23.019852,村庄,1,OK,1
深圳市中驭低空经济有限公司,91440300MAEGT7D15P,深圳市南山区招商街道水湾社区太子路18号海景广场大厦4C9A22,深圳市,广东省深圳市南山区招商街道水湾太子路18号,广东省,深圳市,南山区,440305,113.914375,22.482813,门址,1,OK,1
天穹低空经济控股（深圳）有限公司,91440300MAEHB4YG6K,深圳市南山区招商街道花果山社区工业六路4号兴华工业大厦7栋AB座415A-1,深圳市,广东省深圳市南山区招商街道花果山社区工业六路4号兴华工业大厦7栋A座,广东省,深圳市,南山区,440305,113.919219,22.493348,门址,1,OK,1
天枢低空经济（深圳）有限公司,91440300MAEJ2GB472,深圳市南山区粤海街道高新区社区高新南七道138号惠恒大楼一期4楼460,深圳市,,,,,,,,,0,CUQPS_HAS_EXCEEDED_THE_LIMIT,0
中腾（深圳）低空经济开发有限公司,91440300MAEJ4U0032,深圳市南山区粤海街道高新区社区高新南七道138号惠恒大楼一期西侧398,深圳市,广东省深圳市南山区粤海街道高新区社区高新南七道惠恒大楼,广东省,深圳市,南山区,440305,113.947619,22.534250,兴趣点,1,OK,1
广州智沃低空经济发展有限公司,91440114MAEK4RY61F,广州市花都区花城街迎宾大道95号交通局大楼8楼818X室,广州市,广东省广州市花都区花城北路迎宾大道95号,广东省,广州市,花都区,440114,113.226144,23.401677,门址,1,OK,1
国翼低空经济产业（深圳）有限公司,91440300MAEJG0AC9K,深圳市南山区招商街道花果山社区工业六路4号 兴华工业大厦7栋AB座415B-3,深圳市,广东省深圳市南山区招商街道花果山社区工业六路4号兴华工业大厦7栋A座,广东省,深圳市,南山区,440305,113.919219,22.493348,门址,1,OK,1
深圳市中翔低空经济有限公司,91440300MAEJ8NPA76,深圳市南山区招商街道花果山社区工业六路4号兴华工业大厦7栋AB座415A-8,深圳市,,,,,,,,,0,CUQPS_HAS_EXCEEDED_THE_LIMIT,0
国领低空经济（广东）有限公司,91441900MAEJGAC940,广东省东莞市虎门镇龙眼六路37号203房,东莞市,广东省东莞市虎门镇龙眼六路37号,广东省,东莞市,,441900,113.703348,22.836779,门址,1,OK,1
广东神州低空经济有限公司,91441900MAEH2UCU28,广东省东莞市南城街道鸭仔塘西五巷2号487室,东莞市,广东省东莞市南城街道鸭仔塘,广东省,东莞市,,441900,113.749687,23.026781,道路,1,OK,3
广东省华南际航低空经济有限公司,91441900MAEKCH4594,广东省东莞市虎门镇虎门解放路95号205室,东莞市,广东省东莞市虎门镇虎门街道解放路95号,广东省,东莞市,,441900,113.661193,22.822279,门址,1,OK,4
驭空低空经济发展（深圳）有限公司,91440300MAEJLUD09A,深圳市南山区招商街道水湾社区太子路18号海景广场大厦4C18A10,深圳市,广东省深圳市南山区招商街道水湾太子路18号,广东省,深圳市,南山区,440305,113.914375,22.482813,门址,1,OK,1
广州乐飞低空经济产业发展有限公司,91440106MAEJN17N03,广州市天河区林和西路167号1446房D177室,广州市,广东省广州市天河区林和西路D177(时尚天河商业广场),广东省,广州市,天河区,440106,113.324839,23.135260,兴趣点,1,OK,1
创未来低空经济（深圳）有限公司,91440300MAEK68Y602,深圳市福田区沙头街道天安社区泰然七路25号泰然苍松大厦十二层1203D22,深圳市,广东省深圳市福田区沙头街道天安社区居委会泰然七路25号苍松大厦,广东省,深圳市,福田区,440304,114.026874,22.532492,兴趣点,1,OK,1
广东领航低空经济发展有限公司,91441900MAEJBUCLXW,广东省东莞市虎门镇沙塘下路119号701房,东莞市,,,,,,,,,0,CUQPS_HAS_EXCEEDED_THE_LIMIT,0
深圳市粤航低空经济发展有限公司,91440300MAEK331L3R,深圳市福田区沙头街道天安社区泰然四路29号天安创新科技广场一期A座304F26,深圳市,广东省深圳市福田区沙头街道天安社区居委会泰然四路29号创新科技广场,广东省,深圳市,福田区,440304,114.031284,22.533834,兴趣点,1,OK,2
广东翼界低空经济产业发展有限公司,91440115MAELRKG48U,广州市南沙区南沙街进港大道8号505房L40室,广州市,广东省广州市南沙区进港大道8号,广东省,广州市,南沙区,440115,113.552910,22.799039,门址,1,OK,5
广东省华腾低空经济发展有限公司,91440604MAEJYHJN00,佛山市禅城区张槎街道塱沙路200号玉带大厦B3商场自编1号,佛山市,广东省佛山市禅城区张槎街道塱沙路200号玉带大厦3层,广东省,佛山市,禅城区,440604,113.096766,23.040743,门址,1,OK,1
梅州市天翼低空经济发展有限公司,91441402MAELQWX6X3,广东省梅州市平远县大柘镇建设路176号第3层,梅州市,,,,,,,,,0,CUQPS_HAS_EXCEEDED_THE_LIMIT,0
开平市启航低空经济发展有限公司,91440783MAELQYKM35,开平市长沙街道办事处幕村路1号1座三楼311室,江门市,广东省江门市开平市长沙街道幕村路1号,广东省,江门市,开平市,440783,112.689831,22.383921,门址,1,OK,1
深圳雄飞低空经济咨询有限公司,91440300MAEL67E375,深圳市福田区沙头街道天安社区泰然五路12号天安数码城天祥大厦十一层11D-121,深圳市,广东省深圳市福田区沙头街道天安社区居委会泰然五路12号深圳天安数码城天祥大厦,广东省,深圳市,福田区,440304,114.031499,22.533101,兴趣点,1,OK,1
湛江高新低空经济发展有限公司,91440804MAEM09NU9P,湛江市坡头区海东快线以西、规划横一路以北粤西数谷大数据产业园二层,湛江市,广东省湛江市坡头区海东快线,广东省,湛江市,坡头区,440804,110.470852,21.300085,道路,1,OK,3
佛山小翼低空经济有限公司,91440605MAELJ3KG14,佛山市南海区丹灶镇华南五金产业基地贯金路10号综合楼308,佛山市,广东省佛山市南海区丹灶镇华南五金产业基地贯金路10号综合楼,广东省,佛山市,南海区,440605,112.966186,23.037072,小巷,1,OK,3
广东开阔低空经济发展有限公司,91442000MAEMEJ3U5J,中山市南区街道城南一路22号1号楼第七层之十四,中山市,广东省中山市南区街道城南一路22号,广东省,中山市,,442000,113.355298,22.489446,门址,1,OK,3
广东自由城市低空经济有限公司,91441900MAELFXTF00,广东省东莞市虎门镇海运路49号402房,东莞市,广东省东莞市虎门镇海运路49号,广东省,东莞市,,441900,113.674843,22.808176,门牌号,1,OK,1
广东省航际低空经济有限公司,91440300MAELFWN585,深圳市南山区西丽街道松坪山社区北环大道9018号大族创新大厦B205,深圳市,,,,,,,,,0,CUQPS_HAS_EXCEEDED_THE_LIMIT,0
佛山八方航聚低空经济有限公司,91440606MAEN1L8E1E,广东省佛山市顺德区大良街道新滘社区凤翔路41号顺德创意产业园G栋101号,佛山市,广东省佛山市顺德区大良街道新滘社区凤翔路41号C栋,广东省,佛山市,顺德区,440606,113.227668,22.843714,门址,1,OK,1
华南低空经济产业发展（深圳）有限公司,91440300MAELG5BU8Y,深圳市福田区福保街道福保社区市花路14号盈福高科技厂房七层B厂房702B,深圳市,广东省深圳市福田区福保街道福保社区市花路14号,广东省,深圳市,福田区,440304,114.047189,22.507705,门址,1,OK,1
广东省腾天低空经济有限公司,91440300MAELLGYQ99,深圳市南山区粤海街道高新区社区科技南八路2号豪威科技大厦805,深圳市,广东省深圳市南山区粤海街道高新区社区科技南八道2号豪威科技大厦,广东省,深圳市,南山区,440305,113.952490,22.533516,兴趣点,1,OK,1
长风低空经济产业发展（深圳）有限公司,91440300MAENBX3Y0P,深圳市南山区粤海街道高新区社区高新南七道138号惠恒大楼二期926,深圳市,,,,,,,,,0,CUQPS_HAS_EXCEEDED_THE_LIMIT,0
企易加低空经济（广东）有限公司,91440607MAEN4EB11C,佛山市三水区乐平镇西乐大道东13号2座1层110号（集群登记）（仅作办公场所使用）,佛山市,广东省佛山市三水区乐平镇西乐大道东13号,广东省,佛山市,三水区,440607,113.011940,23.245571,门址,1,OK,2
东莞鸿运低空经济有限公司,91441900MAEPA3RT7G,广东省东莞市洪梅镇望沙路洪梅段61号1号楼1110室,东莞市,广东省东莞市洪梅镇望沙路洪梅段61号,广东省,东莞市,,441900,113.602211,22.991196,门牌号,1,OK,1
广东省天功低空经济有限公司,91440607MAENAYM27T,佛山市三水区乐平镇西乐大道东13号2座1层110号（集群登记）（仅作办公场所使用，住所申报）,佛山市,广东省佛山市三水区乐平镇西乐大道东13号,广东省,佛山市,三水区,440607,113.011940,23.245571,门址,1,OK,2
华翼（深圳）低空经济技术发展有限公司,91440300MAEPH3XW87,深圳市福田区沙头街道天安社区泰然十路2号天安创新科技广场（二期）东座1401G58,深圳市,,,,,,,,,0,CUQPS_HAS_EXCEEDED_THE_LIMIT,0
深圳前海云乐低空经济科技有限公司,91440300MAEPBRPF0F,深圳市前海深港合作区南山街道怡海大道2041号招商局前海经贸中心二期A座-111F23,深圳市,广东省深圳市南山区前海深港合作区南山街道南水村B15栋,广东省,深圳市,南山区,440305,113.924164,22.488255,兴趣点,1,OK,5
河源市河航低空经济发展有限公司,91441602MAEPC8MH1Y,河源市新市区文祥路东边、永祥路南边（东城一农贸市场二楼）E区132号）,河源市,广东省河源市源城区文祥路永祥路南边,广东省,河源市,源城区,441602,114.725882,23.761182,未知,1,OK,3
广东振曜低空经济发展有限公司,91441403MAEN9NC36C,梅州市梅县区公园北路翡翠绿洲综合楼第11层1104室,梅州市,广东省梅州市梅县区公园北路梅州翡翠绿洲,广东省,梅州市,梅县区,441403,116.060725,24.273999,住宅区,1,OK,1
河源市畅飞低空经济发展有限公司,91441625MAEQ20YF65,河源市东源县仙塘镇圩镇福联一路12号202室A,河源市,广东省河源市东源县仙塘镇圩镇,广东省,河源市,东源县,441625,114.771980,23.822577,乡镇,1,OK,1
深圳联全低空经济有限公司,91440300MAENB5330E,深圳市福田区华强北街道荔村社区振华路42号中联大厦402栋507-11,深圳市,广东省深圳市福田区华强北街道荔村社区振华路42号中联大厦(北门)402栋,广东省,深圳市,福田区,440304,114.092332,22.544980,门址,1,OK,1
广东广宏低空经济有限公司,91441900MAEP6P7T8Y,广东省东莞市东城街道环城东路东城段95号3栋6135室,东莞市,广东省东莞市东城街道东城段95号,广东省,东莞市,,441900,113.758254,23.036049,门址,1,OK,4
广东金凯低空经济发展有限公司,91441900MAEQQ4YH4G,广东省东莞市松山湖园区总部二路4号1栋1819室,东莞市,,,,,,,,,0,CUQPS_HAS_EXCEEDED_THE_LIMIT,0
深圳蜂网低空经济产业控股有限公司,91440300MAEPW6R08E,深圳市南山区粤海街道蔚蓝海岸社区创业路1777号海信南方大厦2502,深圳市,广东省深圳市南山区粤海街道蔚蓝海岸创业路1777号海信南方大厦,广东省,深圳市,南山区,440305,113.940270,22.512353,兴趣点,1,OK,4
天链（梅州）低空经济发展有限公司,91441402MAEPYGBE9N,梅州市梅江区三角镇客都大道东汇城D7栋1204-2室,梅州市,广东省梅州市梅江区三角镇客都,广东省,梅州市,梅江区,441402,116.109495,24.278165,未知,1,OK,1
深圳市影石云低空经济有限公司,91440300MAER7DM94R,深圳市罗湖区南湖街道嘉北社区迎春路12号海外联谊大厦1319（入驻深圳八千店商务秘书有限公司）,深圳市,广东省深圳市罗湖区南湖街道嘉北社区迎春路12号海外联谊大厦,广东省,深圳市,罗湖区,440303,114.117025,22.541775,兴趣点,1,OK,1
茂名市航宇低空经济有限公司,91440982MAETGN471Y,化州市鉴江街道樟九村工艺美术瓷厂内第3栋厂房一楼,茂名市,,,,,,,,,0,CUQPS_HAS_EXCEEDED_THE_LIMIT,0
河源市科明低空经济有限公司,91441602MAET3E038C,河源市新市区永和路南边黄沙大道西边泰和中央公园6栋141号-1,河源市,广东省河源市源城区永和西路南边泰和中央公园6栋,广东省,河源市,源城区,441602,114.713684,23.762375,门址,1,OK,1
深圳市影翎云低空经济有限公司,91440300MAERK9TA7G,深圳市罗湖区南湖街道嘉北社区迎春路12号海外联谊大厦1319（入驻深圳八千店商务秘书有限公司）,深圳市,广东省深圳市罗湖区南湖街道嘉北社区迎春路12号海外联谊大厦,广东省,深圳市,罗湖区,440303,114.117025,22.541775,兴趣点,1,OK,1
广东金鲲低空经济发展有限公司,91441900MAEUUEL56Q,广东省东莞市清溪镇清溪北环路301号1栋109室,东莞市,广东省东莞市清溪镇清溪北环路301号,广东省,东莞市,,441900,114.183105,22.845042,门址,1,OK,1
行者无疆低空经济（佛山）有限公司,91440604MAETLD7DXC,广东省佛山市顺德区大良街道五沙社区顺诚南路2号五沙珑滨熙园9栋1516房,佛山市,广东省佛山市顺德区新华街道五沙社区顺诚南路2号,广东省,佛山市,顺德区,440606,113.372551,22.814345,门址,1,OK,3
茂名市中鹏低空经济发展有限公司,91440904MAERYC814B,茂名市电白区水东街道新湖区D区中61号之三、62号第五层至第九层901房,茂名市,,,,,,,,,0,CUQPS_HAS_EXCEEDED_THE_LIMIT,0
揭阳市云冀低空经济发展有限公司,91445202MAETKJWJ9K,揭阳市榕城区仙桥街道山前村广汕公路北侧404号,揭阳市,广东省揭阳市榕城区仙桥街道山前村,广东省,揭阳市,榕城区,445202,116.334235,23.474118,村庄,1,OK,1
中科天予（深圳）低空经济科技有限公司,91440300MAETKFNC3D,深圳市龙华区民治街道新牛社区万众城辉华大厦1栋5单元609,深圳市,广东省深圳市龙华区民治街道新牛社区万众城辉华大厦(西北门)1栋,广东省,深圳市,龙华区,440309,114.038544,22.639467,门址,1,OK,2
深圳市海之林低空经济有限公司,91440300MAEURBA27F,深圳市南山区西丽街道百旺社区牛成村牛成路49号101,深圳市,广东省深圳市南山区西丽街道镇百旺村牛成村牛成路49号,广东省,深圳市,南山区,440305,113.928502,22.614706,门址,1,OK,1
深圳诺亚低空经济有限公司,91440300MAEWEQXF1H,深圳市龙华区龙华街道清华社区和平路30号金凤凰豪苑C单元601,深圳市,广东省深圳市龙华区龙华街道清华社区居委会龙华和平路30号金凤凰豪苑(北门),广东省,深圳市,龙华区,440309,114.039151,22.670810,兴趣点,1,OK,1
中科扬晟（深圳）低空经济科技有限公司,91440300MAEU32QE1D,深圳市龙华区民治街道新牛社区万众城辉华大厦1栋5单元609,深圳市,广东省深圳市龙华区民治街道新牛社区万众城辉华大厦(西北门)1栋,广东省,深圳市,龙华区,440309,114.038544,22.639467,门址,1,OK,2
中山市香山低空经济发展有限公司,91442000MAEU6LH75D,中山市南朗街道翠亨新区东汇路46号湾区未来科技城1栋20层04之一,中山市,广东省中山市广东街道翠亨新区(公交站)东汇路湾区未来科技城,广东省,中山市,,442000,113.623474,22.546225,住宅区,1,OK,2
韶关市云科低空经济有限公司,91440281MAEX9YFH99,乐昌市乐昌产业转移工业园乐园大道21号南区综合楼601-02,韶关市,广东省韶关市乐昌市乐昌镇乐昌产业转移工业园,广东省,韶关市,乐昌市,440281,113.407996,25.139275,住宅区,1,OK,1
大黄蜂（深圳）低空经济发展有限公司,91440300MAEXUA8B4H,深圳市龙华区观湖街道新田社区君新工业区28号龙华区人力资源服务产业园9号203,深圳市,,,,,,,,,0,CUQPS_HAS_EXCEEDED_THE_LIMIT,0
广东中能华航低空经济产业有限公司,91440300MAEX418N60,深圳市福田区沙头街道天安社区深南大道6021号喜年中心A单元1820Z3,深圳市,广东省深圳市福田区沙头街道天安社区居委会深南大道6021号喜年中心(东门),广东省,深圳市,福田区,440304,114.024008,22.534709,兴趣点,1,OK,1
广东中威低空经济产业有限公司,91440300MAEWNUQH31,深圳市福田区沙头街道天安社区深南大道6021号喜年中心A单元1820Z13,深圳市,广东省深圳市福田区沙头街道天安社区居委会深南大道6021号喜年中心(东门),广东省,深圳市,福田区,440304,114.024008,22.534709,兴趣点,1,OK,1
深圳市泽晟低空经济产业有限公司,91440300MAEXJMB810,深圳市南山区招商街道水湾社区太子路18号海景广场大厦4C39K25,深圳市,广东省深圳市南山区招商街道水湾太子路18号,广东省,深圳市,南山区,440305,113.914375,22.482813,门址,1,OK,1
广东辉跃低空经济发展有限公司,91440803MAG0E3JL30,湛江市霞山区椹川大道中83号第22幢1楼103房,湛江市,,,,,,,,,0,CUQPS_HAS_EXCEEDED_THE_LIMIT,0
深圳乘势低空经济有限公司,91440300MAG14HRFX8,深圳市宝安区燕罗街道燕川社区红堪路6号富升达B栋217,深圳市,广东省深圳市宝安区燕罗街道燕川社区红堪路6号富升达B栋,广东省,深圳市,宝安区,440306,113.864371,22.810156,兴趣点,1,OK,1
深圳哈佤盛世低空经济有限公司,91440300MAG1QL9F6N,深圳市龙华区民治街道民治社区梅花山庄思梅园25栋201,深圳市,广东省深圳市龙华区民治街道民治社区梅花山庄思梅园25栋,广东省,深圳市,龙华区,440309,114.041462,22.621452,兴趣点,1,OK,1
深圳市哈瓦特低空经济有限公司,91440300MA5J33GC8U,深圳市龙华区民治街道民治社区梅花山庄思梅园25栋301,深圳市,广东省深圳市龙华区民治街道民治社区梅花山庄思梅园25栋,广东省,深圳市,龙华区,440309,114.041462,22.621452,兴趣点,1,OK,1
江门市华翼低空经济有限公司,91440703MAK05WQN1A,江门市蓬江区潮连兴业路146号11幢（J幢）206室（一址多照）,江门市,广东省江门市蓬江区潮连兴业路142号,广东省,江门市,蓬江区,440703,113.145101,22.618455,门牌号,1,OK,2
广东翼启未来低空经济有限公司,91441224MAK133L02E,广东省肇庆市怀集县幸福街道怀高片区K-4号地块的粤港澳大湾区农产品交易中心的第19栋二楼213、214 卡铺位,肇庆市,广东省肇庆市高要区南安街道片区大湾镇,广东省,肇庆市,高要区,441204,112.404952,23.045521,乡镇,1,OK,2
广东科基壹号低空经济发展有限公司,91441900MAK2RYB21M,广东省东莞市麻涌镇麻涌大道379号6号楼101室,东莞市,广东省东莞市麻涌镇麻涌大道345号,广东省,东莞市,,441900,113.572182,23.027284,门牌号,1,OK,2
航基低空经济发展（佛山）有限公司,91440606MAK1K7P876,佛山市顺德区乐从镇东平居委会君兰路8号宝能金融大厦518室自编33号,佛山市,,,,,,,,,0,CUQPS_HAS_EXCEEDED_THE_LIMIT,0
阳江市仲国低空经济发展有限公司,91441702MAK0WHPL5F,阳江市江城区万福路18号（住所申报）,阳江市,广东省阳江市江城区万福路18号,广东省,阳江市,江城区,441702,111.967487,21.849122,门址,1,OK,2
深圳市领翼低空经济科技有限公司,91440300MAK0WFH07J,深圳市龙岗区龙城街道新联社区宏昌综合楼1栋1510,深圳市,广东省深圳市龙岗区龙城街道新联村龙岗社区,广东省,深圳市,龙岗区,440307,114.269953,22.736489,村庄,1,OK,2
吴川云图低空经济发展有限公司,91440883MAK14DHG0Q,湛江市吴川市梅菉街道文化路41号吴川市政府招待所院内1号楼,湛江市,广东省湛江市吴川市梅绿街道文化路41号,广东省,湛江市,吴川市,440883,110.775151,21.440518,门址,1,OK,2
广东适航低空经济发展有限公司,91440605MAK39BMH41,佛山市南海区桂城街道桂澜北路28号南海万达广场南1栋1303室之四,佛山市,,,,,,,,,0,CUQPS_HAS_EXCEEDED_THE_LIMIT,0
徐闻县海峡低空经济发展有限公司,91440825MAK3KEYQ2H,徐闻县下桥镇207国道坡田村路口对面徐闻产业转移工业园公共服务中心3楼306房,湛江市,广东省湛江市徐闻县下桥镇207国道坡田村,广东省,湛江市,徐闻县,440825,110.122600,20.422531,村庄,1,OK,2
航飞（深圳）低空经济有限公司,91440300MAK27UT776,深圳市福田区沙头街道天安社区泰然四路113号泰然科技园213栋7B21D,深圳市,广东省深圳市福田区沙头街道天安社区居委会泰然四路113号泰然科技园213栋,广东省,深圳市,福田区,440304,114.025823,22.532195,兴趣点,1,OK,1
广东伏羲产教低空经济研究有限公司,91440105MAK42HGN4P,广州市海珠区南洲路92号东南门联合站房自编H5栋二层218房（仅限办公）,广州市,广东省广州市海珠区南洲路92号,广东省,广州市,海珠区,440105,113.324563,23.057107,门址,1,OK,2
广东创富低空经济发展有限公司,91441284MAK4D0AG2J,四会市东城街道四会大道中33座3号之三,肇庆市,,,,,,,,,0,CUQPS_HAS_EXCEEDED_THE_LIMIT,0
清远市共创低空经济发展有限公司,91441802MAK33JK44P,清远市清城区东城街道附城大道78号盈链数字经济产业园5号楼16层自编03,清远市,广东省清远市清城区东城街道附城大道盈链数字经济产业园,广东省,清远市,清城区,441802,113.058871,23.718898,住宅区,1,OK,1
广州数航低空经济有限公司,91440101MA9Y4QXN52,广州市番禺区东环街番禺大道北555号天安总部中心25号楼2402房,广州市,广东省广州市番禺区番禺大道北555号天安总部中心25号楼,广东省,广州市,番禺区,440113,113.374916,22.978852,门址,1,OK,1
广东九域低空经济发展企业（有限合伙）,91440512MAEA5UUA3F,汕头市濠江区达濠街道磊广公路旁青洲盐场工业厂房第四层右侧,汕头市,广东省汕头市濠江区达濠街道磊广公路青洲盐场,广东省,汕头市,濠江区,440512,116.745153,23.270891,兴趣点,1,OK,1
鹏城低空经济发展（博罗）有限公司,91441322MAK3MMFR2N,惠州市博罗县石湾镇振兴大道南侧地段光达制造·博罗智慧谷1栋2楼210室,惠州市,广东省惠州市博罗县石湾镇振兴大道光达制造·博罗智慧谷(1号门),广东省,惠州市,博罗县,441322,113.956698,23.159342,兴趣点,1,OK,1
飞拍低空经济发展（深圳）有限公司,91440300MADR1F191Q,深圳市龙岗区龙城街道黄阁坑社区大运路荣超新成大厦716,深圳市,广东省深圳市龙岗区龙城街道黄阁坑社区大运路荣超新成大厦,广东省,深圳市,龙岗区,440307,114.214839,22.705370,兴趣点,1,OK,1
深圳市中云链低空经济产业有限公司,91440300MAE51Y9E7W,深圳市盐田区盐田街道明珠社区东海道379号东港印象A区B栋2502,深圳市,广东省深圳市盐田区盐田街道明珠社区东海道379号东港印象家园a区,广东省,深圳市,盐田区,440308,114.250229,22.591871,门址,1,OK,1
深商低空经济发展（深圳）有限公司,91440300MAEA130W72,深圳市宝安区西乡街道龙腾社区西乡大道旁中濠大厦B501,深圳市,,,,,,,,,0,CUQPS_HAS_EXCEEDED_THE_LIMIT,0
中疆低空经济（广东省）有限公司,91441900MAEAP2PY0F,广东省东莞市塘厦镇龙背岭埔新路3号6栋601室,东莞市,广东省东莞市塘厦镇埔新路3号,广东省,东莞市,,441900,113.718322,22.792232,门址,1,OK,3
深启低空经济产业服务（深圳）有限公司,91440300MAEDB90C72,深圳市罗湖区东门街道湖贝社区文锦中路1027号深业大厦15楼1520,深圳市,广东省深圳市罗湖区东门街道湖贝村文锦中路1027号深业大厦(文锦中路),广东省,深圳市,罗湖区,440303,114.130503,22.548042,兴趣点,1,OK,3
惠飞低空经济（深圳）有限公司,91440300MAED90P37T,深圳市南山区粤海街道海珠社区海德三道15号海岸大厦东座1403B,深圳市,广东省深圳市南山区粤海街道海德三道15号海岸大厦东座,广东省,深圳市,南山区,440305,113.937754,22.518111,未知,1,OK,1
幸福（深圳）低空经济产业发展有限公司,91440300MAEDE33R9J,深圳市前海深港合作区南山街道桂湾三路91号景兴海上大厦1508,深圳市,,,,,,,,,0,CUQPS_HAS_EXCEEDED_THE_LIMIT,0
上云端（深圳）低空经济有限公司,91440300MAEHMUTR5N,深圳市罗湖区东门街道湖贝社区深圳市罗湖区东门街道文锦中路1027号深业大厦1013,深圳市,广东省深圳市罗湖区东门街道湖贝村文锦中路1027号深业大厦(文锦中路),广东省,深圳市,罗湖区,440303,114.130503,22.548042,兴趣点,1,OK,3
深圳市祥云游低空经济有限公司,91440300MAEGXW0D0R,深圳市罗湖区东湖街道翠鹏社区东湖路8号鹏城花园4栋504,深圳市,广东省深圳市罗湖区东湖街道莲花社区东湖路8号鹏城花园4栋,广东省,深圳市,罗湖区,440303,114.142575,22.578542,门址,1,OK,2
深圳中安低空经济有限公司,91440300MAEWBXFP17,深圳市龙岗区平湖街道凤凰社区凤凰大道锦冠华庭1号楼DS-02,深圳市,广东省深圳市龙岗区平湖街道社区街道凤凰大道九号院馆1号楼,广东省,深圳市,龙岗区,440307,114.138936,22.699151,门址,1,OK,5
深圳市航铁低空经济有限公司,91440300MAEUAQ6H2J,深圳市龙岗区平湖街道凤凰社区凤凰大道锦冠华庭1号楼DS-02,深圳市,广东省深圳市龙岗区平湖街道社区街道凤凰大道九号院馆1号楼,广东省,深圳市,龙岗区,440307,114.138936,22.699151,门址,1,OK,5
深圳蜂王低空经济科技发展有限公司,91440300MA5FDMWF7P,深圳市福田区香蜜湖街道香梅社区香梅北路2003号特发小区18栋1层103,深圳市,,,,,,,,,0,CUQPS_HAS_EXCEEDED_THE_LIMIT,0
韶关飞鹏低空经济发展有限公司,91440204MAELK3R007,韶关市浈江区和平路84号第三层南区301房（仅限作办公室使用）,韶关市,广东省韶关市浈江区和平路84号,广东省,韶关市,浈江区,440204,113.596507,24.804360,门址,1,OK,1
深圳云鸽低空经济产业发展有限公司,91440300MAK09GGF0T,深圳市福田区梅林街道新阁社区林园东路9号新阁小区4栋217-1西梯间,深圳市,广东省深圳市福田区梅林街道新阁社区林园东路9号1栋,广东省,深圳市,福田区,440304,114.075074,22.568567,门址,1,OK,1
广东明睿低空经济发展有限公司,91441900MA7MMBW89K,广东省东莞市东城街道东城中路东城段688号7栋118室,东莞市,广东省东莞市东城街道东城中路东城段688号,广东省,东莞市,,441900,113.772997,23.064561,门址,1,OK,1
中科（深圳）低空经济发展有限公司,91440300MA5HT2QN9Y,深圳市南山区招商街道花果山社区工业六路4号 兴华工业大厦7栋AB座410C-4,深圳市,广东省深圳市南山区招商街道花果山社区工业六路4号兴华工业大厦7栋A座,广东省,深圳市,南山区,440305,113.919219,22.493348,门址,1,OK,1
东莞市汇成低空经济有限公司,91441900582951593K,广东省东莞市东城街道环城东路东城段70号8栋249室,东莞市,广东省东莞市东城街道东城段70号8栋,广东省,东莞市,,441900,113.805981,23.051478,小巷,1,OK,4
厚德低空经济（深圳）有限公司,91440300MA5EGPNX0H,深圳市南山区粤海街道南海大道2702号保利大厦2502,深圳市,广东省深圳市南山区粤海街道南海大道2702号保利大厦,广东省,深圳市,南山区,440305,113.927804,22.515439,兴趣点,1,OK,1
云梭创新低空经济（深圳）有限公司,91440300MA5HJPDN4T,深圳市龙华区民治街道民乐社区星河WORLD二期E栋606B,深圳市,,,,,,,,,0,CUQPS_HAS_EXCEEDED_THE_LIMIT,0
佛山市源通尚榕低空经济有限公司,91440606MAD0MKTK3L,广东省佛山市顺德区大良街道新滘社区凤翔路41号顺德创意产业园G栋301号,佛山市,广东省佛山市顺德区大良街道新滘社区凤翔路41号C栋,广东省,佛山市,顺德区,440606,113.227668,22.843714,门址,1,OK,1
中山华特雅低空经济发展有限公司,91442000MAE9YWDM6D,中山市坦洲镇沾涌村青砖屋街36号之一,中山市,广东省中山市坦洲镇沾涌青砖屋街36号,广东省,中山市,,442000,113.394990,22.279224,门牌号,1,OK,1
美江智飞（东莞）低空经济有限公司,91441900MA52GEU12J,广东省东莞市黄江镇金俊路12号1101室,东莞市,广东省东莞市黄江镇金俊路8号,广东省,东莞市,,441900,113.966152,22.815052,门牌号,1,OK,1
广州智航低空经济产业发展有限公司,91440112MA7M7Y7Q8D,广州市黄埔区茅岗路848号10楼A535房,广州市,,,,,,,,,0,CUQPS_HAS_EXCEEDED_THE_LIMIT,0
哈深低空经济（深圳）有限公司,91440300MAK4FCE6XU,深圳市南山区粤海街道高新区社区白石路3609号深圳湾科技生态园二区9栋514-10,深圳市,广东省深圳市南山区粤海街道高新区社区白石路3609号深圳湾科技生态园二区9栋,广东省,深圳市,南山区,440305,113.953374,22.532137,兴趣点,1,OK,1
广东横琴东昇防务科技有限公司,91440400MACN71M6XE,珠海市横琴天羽道48号1011文化创意,珠海市,广东省珠海市香洲区横琴天羽道91号,广东省,珠海市,香洲区,440402,113.518232,22.123953,门牌号,1,OK,1
广州低空智联科技有限公司,91440105MAK2UP1Y19,广州市海珠区南洲路92号东南门联合站房自编H5栋二层217房,广州市,,,,,,,,,0,CUQPS_HAS_EXCEEDED_THE_LIMIT,0
深圳市英武低空文旅开发有限公司,91440300MA5G079M7T,深圳市福田区沙头街道天安社区泰然六路31号503栋广华大厦七层722,深圳市,广东省深圳市福田区沙头街道天安社区居委会泰然六路31号广华大厦,广东省,深圳市,福田区,440304,114.025699,22.530686,兴趣点,1,OK,1
深圳市域建低空科技有限公司,91440300MA5EPJMFX9,深圳市宝安区燕罗街道塘下涌社区物园路4号综合楼312,深圳市,广东省深圳市宝安区燕罗街道塘下涌社区物园路4号综合楼,广东省,深圳市,宝安区,440306,113.846200,22.805292,小巷,1,OK,3
立体救援应急服务（广东）有限公司,91440106MA9YBRU5X5,广州市白云区三元里街齐心路66号南方航空大厦裙楼403室,广州市,广东省广州市白云区齐心路66号,广东省,广州市,白云区,440111,113.271608,23.179914,门址,1,OK,4
广东跃洲智航低空科技有限公司,91440300MA5H9G3X3X,深圳市坪山区坪山街道新和社区丹梓大道2088号坪山云巴1号线综合停车场420,深圳市,,,,,,,,,0,CUQPS_HAS_EXCEEDED_THE_LIMIT,0
交换星球（深圳）文旅有限公司,91440300MA5HQPHF2J,深圳市南山区西丽街道松坪山社区科苑北路78号共享大厦A座1707,深圳市,广东省深圳市南山区西丽街道松坪山科苑北路78号共享大厦a座,广东省,深圳市,南山区,440305,113.946264,22.560507,门址,1,OK,1
深圳市亿芯智慧应急科技有限公司,91440300MA5HU8FG36,深圳市龙岗区龙城街道新联社区军田路22号A701,深圳市,广东省深圳市龙岗区龙城街道新联社区军田路22号,广东省,深圳市,龙岗区,440307,114.237981,22.692312,门址,1,OK,2
广东低空产业链发展有限公司,91440112MACPH1WR10,广州市黄埔区开创大道728号自编3栋5层5645房,广州市,广东省广州市黄埔区开创大道728号a栋,广东省,广州市,黄埔区,440112,113.533679,23.136436,门址,1,OK,2
深圳高度创新低空产业发展有限公司,91610131MACTB0W17D,深圳市大鹏新区葵涌街道三溪社区金业大道142号生命科学产业园A11栋401,深圳市,广东省深圳市龙岗区葵涌街道三溪社区金业大道生命科学产业园(公交站)a11栋,广东省,深圳市,龙岗区,440307,114.426066,22.639776,门址,1,OK,2
三易归藏（广东顺德）大健康产业投资有限公司,91440606MADB71GE84,广东省佛山市顺德区伦教街道常教社区南苑西路16号伦教碧桂园珑湾苑8号铺,佛山市,广东省佛山市顺德区伦教街道常教社区居委会南苑西路16号,广东省,佛山市,顺德区,440606,113.217150,22.861808,门址,1,OK,2
广东低空产业建设发展有限公司,91441802MADJNGFD90,清远市清城区东城街道附城大道78号盈链数字经济产业园9号楼,清远市,广东省清远市清城区东城街道附城大道盈链数字经济产业园,广东省,清远市,清城区,441802,113.058871,23.718898,住宅区,1,OK,1
低空（广东）经济咨询服务有限公司,91440112MADP0WB43M,广州市黄埔区中新广州知识城腾飞一街2号619室中科创谷众创空间B612号,广州市,广东省广州市黄埔区众创空间,广东省,广州市,黄埔区,440112,113.545196,23.108959,兴趣点,1,OK,2
低空产业园投资（广东）有限公司,91440111MADQL9HA3K,广州市白云区云城南四路239号602室,广州市,广东省广州市白云区云城南四路,广东省,广州市,白云区,440111,113.266775,23.177313,道路,1,OK,3
佛山市鹏城低空经济技术发展有限公司,91440605MADWUWTF89,佛山市南海区狮山镇狮中村兴业北路200号行政办公楼一楼101（住所申报）,佛山市,广东省佛山市南海区狮山镇狮中村兴业北路200号,广东省,佛山市,南海区,440605,112.986105,23.167498,门牌号,1,OK,10
深圳市空驭未来低空经济产业服务有限公司,91440300MAE1748DXJ,深圳市福田区香蜜湖街道香岭社区侨香路3085号岭南大厦3层317C,深圳市,,,,,,,,,0,CUQPS_HAS_EXCEEDED_THE_LIMIT,0
广东省城市低空经济产业研究院有限公司,91440104MAE6L3P34R,广州市越秀区沿江中路298号A幢17C房自编362室（仅限办公）,广州市,广东省广州市越秀区沿江中路298号,广东省,广州市,越秀区,440104,113.277909,23.114944,门址,1,OK,1
深圳市鹏城低空新基建科技有限公司,91440300MAE8L4929M,深圳市福田区华强北街道荔村社区华强北路2030号桑达418栋夹1层曼哈A座HA009,深圳市,广东省深圳市福田区华强北街道荔村社区华强北道2030曼哈,广东省,深圳市,福田区,440304,114.087038,22.546274,门址,1,OK,1
广州吉祥鸟低空科技有限公司,91440104MAEABDW86E,广州市越秀区沿江中路298号A幢17C房自编411室（仅限办公）,广州市,广东省广州市越秀区沿江中路298号,广东省,广州市,越秀区,440104,113.277909,23.114944,门址,1,OK,1
深河飞鹰（河源）无人机培训有限公司,91441602MAEA15P26X,河源市源城区龙岭工业园龙岭三路企业服务中心5楼511室A区,河源市,广东省河源市源城区龙岭工业园龙岭三路,广东省,河源市,源城区,441602,114.622025,23.600216,道路,1,OK,4
中研航空服务（广东）有限公司,91440117MAE9WT9K5L,广州市从化区良口镇新城南路261号自编303室之四,广州市,广东省广州市从化区良口镇新城南路261号,广东省,广州市,从化区,440117,113.730525,23.714199,门牌号,1,OK,1
鹏城低空（深圳）运营管理有限公司,91440300MAEAQBMR4Q,深圳市福田区华强北街道荔村社区华强北路2030号桑达418栋夹1层曼哈A座HA009,深圳市,广东省深圳市福田区华强北街道荔村社区华强北道2030曼哈,广东省,深圳市,福田区,440304,114.087038,22.546274,门址,1,OK,1
雨燕航翼低空经济产业发展（广东）有限公司,91440113MAEGE9YF7Y,广州市番禺区钟村街汉兴东路128号1002,广州市,广东省广州市番禺区钟村街汉兴东路128号,广东省,广州市,番禺区,440113,113.336674,22.991560,门址,1,OK,1
广东省产教融合低空经济研究有限公司,91440112MAEJTL11X3,广州市黄埔区联浦街2号808房,广州市,广东省广州市黄埔区,广东省,广州市,黄埔区,440112,113.480613,23.181355,区县,1,OK,1
广东乾元智航低空港经济发展有限公司,91440106MAENR09P20,广州市天河区珠村大粒沙路1号401-1,广州市,广东省广州市天河区珠村大粒沙路自编1号,广东省,广州市,天河区,440106,113.430754,23.137552,门址,1,OK,1
广东中彩航科低空经济发展有限公司,91441802MAENG4A48J,清远市清城区横荷街道办青山村委会原砖厂第五栋厂房首层,清远市,广东省清远市清城区横荷村青山村委会,广东省,清远市,清城区,441802,113.007794,23.631847,兴趣点,1,OK,1
城市智运（广东）科技有限公司,91440112MAEPABCM6Y,广州市黄埔区开源大道136号A栋1142室,广州市,广东省广州市黄埔区开源大道136号a栋,广东省,广州市,黄埔区,440112,113.507238,23.154426,小巷,1,OK,2
广东共跃低空科技有限公司,91441802MAERRP0J8Y,清远市清城区东城街道附城大道78号盈链数字经济产业园5号楼16层自编01,清远市,广东省清远市清城区东城街道附城大道盈链数字经济产业园,广东省,清远市,清城区,441802,113.058871,23.718898,住宅区,1,OK,1
深圳鹏翔云飞低空经济发展有限公司,91440300MAEXT7F05K,深圳市福田区梅林街道梅都社区中康路136号深圳新一代产业园1栋318,深圳市,,,,,,,,,0,CUQPS_HAS_EXCEEDED_THE_LIMIT,0
亚太智慧（广东）低空经济产业有限公司,91440300MAK0FPRT2G,深圳市罗湖区桂园街道红村社区宝安南路2001号中政华庭3065,深圳市,广东省深圳市罗湖区桂园街道社区宝安南路1881号,广东省,深圳市,罗湖区,440303,114.110834,22.540026,门牌号,1,OK,1
广东创翼低空产业发展有限公司,91440114MAK1P8A578,广州市花都区赤坭镇精进路15号之2,广州市,广东省广州市花都区赤坭镇精进路6号,广东省,广州市,花都区,440114,113.072079,23.394303,门牌号,1,OK,1
京兰长绿（深圳）低空控股有限公司,91440300MAK4N5KM3T,"深圳市福田区福保街道福保社区市花路25号利保义生物工程大楼七层A井,D井厂房7638",深圳市,广东省深圳市福田区福保街道福保社区市花路25号,广东省,深圳市,福田区,440304,114.042460,22.507460,门址,1,OK,1
深圳市毕方智慧低空经济科技发展有限公司,91440300MA5F99GL73,深圳市龙华区民治街道新牛社区工业路博园大厦210,深圳市,,,,,,,,,0,CUQPS_HAS_EXCEEDED_THE_LIMIT,0
湛江市九霄低空科技有限公司,91440800MA4X75CC0R,湛江开发区龙潮村563号6层601房,湛江市,广东省湛江市赤坎区龙潮村(公交站),广东省,湛江市,赤坎区,440802,110.388954,21.239176,公交地铁站点,1,OK,2
深圳市西宝低空经济产业发展有限公司,91440300MA5HGYK84H,深圳市南山区粤海街道高新区社区高新南九道55号微软科通大厦20F,深圳市,广东省深圳市南山区粤海街道高新区社区高新南九街55号微软科通大厦,广东省,深圳市,南山区,440305,113.940327,22.526579,兴趣点,1,OK,1
云海中城低空经济产业发展（深圳）有限公司,91440300MADH53482F,深圳市南山区沙河街道高发社区侨香路金迪世纪大厦C栋C1-1,深圳市,广东省深圳市南山区沙河街道高发社区居委会侨香路金迪世纪大厦C栋,广东省,深圳市,南山区,440305,113.992902,22.542046,兴趣点,1,OK,1
广州低空云图科技有限公司,91440114MAK04WK853,广州市花都区花城街葱兰街5号自编023之七十九,广州市,,,,,,,,,0,CUQPS_HAS_EXCEEDED_THE_LIMIT,0
中科赛尔健康科技（深圳）有限公司,91440300MAK3507E22,深圳市南山区西丽街道松坪山社区松坪山路5号嘉达研发大楼A座512,深圳市,广东省深圳市南山区西丽街道松坪山松坪山路5号嘉达研发大楼a座,广东省,深圳市,南山区,440305,113.951647,22.555601,门址,1,OK,1
广州未来之星国际航空发展有限公司,91440104MAK388UJ8T,广州市越秀区文明路71号2501房（仅限办公）,广州市,广东省广州市越秀区文明路71号,广东省,广州市,越秀区,440104,113.272098,23.122852,门址,1,OK,2
深圳市龙源生物科技有限责任公司,91440300MA5DN6FT2X,深圳市福田区福田街道福华路北深圳国际交易广场写字楼1713,深圳市,广东省深圳市福田区福田街道福华路北,广东省,深圳市,福田区,440304,114.061743,22.536119,未知,1,OK,3
兄弟广告传媒（深圳）有限公司,91440300MA5GET2B9L,深圳市宝安区新桥街道万丰社区第三工业区乌泥棚路12号吉祥公寓乌泥棚路12-4A号,深圳市,,,,,,,,,0,CUQPS_HAS_EXCEEDED_THE_LIMIT,0
深圳领航低空文旅有限公司,91440300MACMX67A13,深圳市罗湖区桂园街道人民桥社区宝安南路2010号龙园创展大厦3206,深圳市,广东省深圳市罗湖区桂园街道人民桥社区宝安南路龙园创展大厦(北门),广东省,深圳市,罗湖区,440303,114.111733,22.543402,兴趣点,1,OK,1
深圳科比特重明鸟低空经济产业发展有限公司,91440300MAE5C90Y5H,深圳市南山区粤海街道高新区社区高新南七道138号惠恒大楼一期西侧398,深圳市,广东省深圳市南山区粤海街道高新区社区高新南七道惠恒大楼,广东省,深圳市,南山区,440305,113.947619,22.534250,兴趣点,1,OK,1
广州来飞低空科技发展有限公司,91440112MAEAN8NQ8N,广州市黄埔区丰乐北路138号106铺,广州市,广东省广州市黄埔区丰乐北路138号,广东省,广州市,黄埔区,440112,113.453483,23.109237,门址,1,OK,2
河源市万绿湖低空经济发展有限公司,91441625MAEFWFK682,东源县行政大道工人文化宫5楼501,河源市,广东省河源市东源县行政大道东源县工人文化宫,广东省,河源市,东源县,441625,114.744593,23.788868,兴趣点,1,OK,1
天空城（广东）低空经济产业发展有限公司,91440115MAELF72PXW,广州市南沙区汇通三街4号904房,广州市,广东省广州市南沙区,广东省,广州市,南沙区,440115,113.525178,22.801435,区县,1,OK,1
珠海翼航低空科技有限公司,91440402MAK1DE8C2M,珠海市香洲区海润三街32号1801办公、1802办公、1803办公、1804办公、1805办公、1806办公、1807办公,珠海市,,,,,,,,,0,ENGINE_RESPONSE_DATA_ERROR,0
翼行云港低空产业（深圳）有限公司,91440300MA5EC3117K,深圳市南山区粤海街道海珠社区海德三道1258号卓越后海金融中心2806,深圳市,广东省深圳市南山区粤海街道海德三道卓越后海中心,广东省,深圳市,南山区,440305,113.942969,22.518897,兴趣点,1,OK,1
深圳市玖玖隆低空经济产业咨询有限公司,91440300342489547L,深圳市南山区南山街道阳光棕榈社区前海路2057号阳光棕榈园21栋2单元6A,深圳市,广东省深圳市南山区南山街道阳光棕榈社区居委会前海路2057号阳光棕榈园(东2门),广东省,深圳市,南山区,440305,113.914621,22.526345,兴趣点,1,OK,1
深圳宝昇一号投资合伙企业（有限合伙）,91440300MADX8FEJX3,深圳市南山区粤海街道高新区社区高新南九道45号西北工业大学三航科技大厦401,深圳市,广东省深圳市南山区粤海街道高新区社区高新南九道45号西北工业大学三航科技大厦,广东省,深圳市,南山区,440305,113.941782,22.527822,兴趣点,1,OK,1
清远市小飞鸡文化发展有限公司,91441802MAEX4QTJ58,清远市清城区东城街道附城大道78号盈链数字经济产业园5号楼16层自编02,清远市,,,,,,,,,0,CUQPS_HAS_EXCEEDED_THE_LIMIT,0
深圳馨贵海洋文化服务有限公司,91440300MA5DMJKM7X,深圳市龙岗区龙城街道新联社区龙石路160-162号101,深圳市,广东省深圳市龙岗区龙城街道新联社区龙石路160号,广东省,深圳市,龙岗区,440307,114.234064,22.692095,门址,1,OK,1
深圳市中科瀚跃科技有限公司,91440300319535226J,深圳市大鹏新区葵涌街道坝光社区低空经济产业园1号楼201,深圳市,广东省深圳市龙岗区大鹏新区平南街道坝光社区,广东省,深圳市,龙岗区,440307,114.498014,22.644438,村庄,1,OK,3
惠州粤晟美翔龙低空经济发展有限公司,91441302MAENEAJF0L,惠州市惠城区小金口街道黄塘西路3号卓超智慧谷科技大厦1号楼17层1702（住所申报）,惠州市,广东省惠州市惠城区小金口街道卓超智慧谷科技大厦,广东省,惠州市,惠城区,441302,114.431153,23.148702,兴趣点,1,OK,1
商派湾航空技术服务（深圳）有限公司,91440300MA5GNR3F1C,深圳市南山区粤海街道高新区社区高新南环路26号深圳湾科技生态园5栋A1103,深圳市,广东省深圳市南山区粤海街道高新区社区高新南环路26号深圳湾科技生态园,广东省,深圳市,南山区,440305,113.952975,22.531625,兴趣点,1,OK,1
广州层城仙谷健康管理有限公司,91440101MA9Y42EX0M,广州市海珠区广州大道南83号801之一,广州市,广东省广州市海珠区广州大道南83号,广东省,广州市,海珠区,440105,113.316357,23.102147,门址,1,OK,2
东莞市飞会通用航空有限公司,91441900MACBC1T79E,广东省东莞市道滘镇粤晖路1号108室,东莞市,广东省东莞市道滘镇粤晖路1号,广东省,东莞市,,441900,113.631622,22.973432,门址,1,OK,1
广东浦睿企业管理咨询有限公司,91440402MACK7XMB5Q,珠海市香洲区前山翠珠二街2号C栋4层441房,珠海市,,,,,,,,,0,CUQPS_HAS_EXCEEDED_THE_LIMIT,0
东莞发芽红城市运营服务有限公司,91441900MAD1LL8N2M,广东省东莞市东城街道莞长路东城段143号6栋1206室,东莞市,广东省东莞市东城街道东城段143号,广东省,东莞市,,441900,113.806353,23.077252,门址,1,OK,4
深圳市智源万联科技有限公司,91440300MADFQJH81G,深圳市南山区粤海街道科技园社区科苑路11号金融科技大厦23-A04,深圳市,广东省深圳市南山区粤海街道科技园社区居委会科丰路11号金融科技大厦,广东省,深圳市,南山区,440305,113.944647,22.546097,兴趣点,1,OK,2
法谛（深圳）低空智能科技有限公司,91440300MADUK4NA6H,深圳市南山区粤海街道高新区社区白石路3609号深圳湾科技生态园二区9栋A1627,深圳市,广东省深圳市南山区粤海街道高新区社区白石路3609号深圳湾科技生态园二区9栋,广东省,深圳市,南山区,440305,113.953374,22.532137,兴趣点,1,OK,1
深圳市鹏葵航空科技有限公司,91440300MADXK55L7T,深圳市大鹏新区葵涌街道坝光社区低空经济产业园1号楼201,深圳市,广东省深圳市龙岗区大鹏新区平南街道坝光社区,广东省,深圳市,龙岗区,440307,114.498014,22.644438,村庄,1,OK,3
深圳双龙低空科技有限公司,91440300MAE2DGJBX1,深圳市南山区粤海街道滨海社区高新南十道87、89、91号深圳市软件产业基地2栋C1906,深圳市,,,,,,,,,0,CUQPS_HAS_EXCEEDED_THE_LIMIT,0
深圳低空数智科技有限公司,91440300MAE5C9FU8W,深圳市南山区南头街道马家龙社区大新路89号马家龙工业区40栋402,深圳市,广东省深圳市南山区南头街道马家龙社区居委会大新路89号马家龙工业区40栋,广东省,深圳市,南山区,440305,113.926516,22.548066,兴趣点,1,OK,1
深圳市九天低空经济产业创新中心有限公司,91440300MA5J2Y8LX3,深圳市南山区粤海街道滨海社区海天二路19号盈峰中心1219A,深圳市,广东省深圳市南山区粤海街道滨海社区居委会海天二路19号盈峰中心,广东省,深圳市,南山区,440305,113.939494,22.522381,兴趣点,1,OK,1
深圳鹏有文化发展有限公司,91440300MAE6M4XX9M,深圳市大鹏新区葵涌街道坝光社区低空经济产业园1号楼201,深圳市,广东省深圳市龙岗区大鹏新区平南街道坝光社区,广东省,深圳市,龙岗区,440307,114.498014,22.644438,村庄,1,OK,3
深圳思岩逸行科技有限公司,91440300MAE89D0X4T,深圳市大鹏新区葵涌街道坝光社区低空经济产业园1号楼101,深圳市,广东省深圳市龙岗区大鹏新区平南街道坝光社区,广东省,深圳市,龙岗区,440307,114.498014,22.644438,村庄,1,OK,3
翔龙千里（深圳）科技有限公司,91440300MAEA1C6R98,深圳市大鹏新区葵涌街道坝光社区低空经济产业园1号楼201,深圳市,广东省深圳市龙岗区大鹏新区平南街道坝光社区,广东省,深圳市,龙岗区,440307,114.498014,22.644438,村庄,1,OK,3
深圳市华腾汇航低空经济产业发展有限公司,91440300MAEAG35Q1U,深圳市南山区粤海街道高新区社区高新南环路26号深圳湾科技生态园5栋A1317,深圳市,广东省深圳市南山区粤海街道高新区社区高新南环路26号深圳湾科技生态园,广东省,深圳市,南山区,440305,113.952975,22.531625,兴趣点,1,OK,1
深圳钓域低空科技有限公司,91440300MAECPT0L0R,深圳市龙华区大浪街道新石社区浪静路3号C栋15A116,深圳市,广东省深圳市龙华区大浪街道浪静路3号,广东省,深圳市,龙华区,440309,113.989611,22.696671,门址,1,OK,5
深圳光明未来低空产业发展有限公司,91440300MAEEPNC00H,深圳市光明区凤凰街道东坑社区光明凤凰广场2栋1503A,深圳市,广东省深圳市光明区凤凰街道东坑社区光明凤凰广场,广东省,深圳市,光明区,440311,113.933006,22.742423,兴趣点,1,OK,1
惠州市五维领航低空经济发展有限公司,91441304MAEF1HX160,惠州大亚湾西区塘尾村新屋小组39号4楼421号（仅限办公）,惠州市,,,,,,,,,0,CUQPS_HAS_EXCEEDED_THE_LIMIT,0
翱穹斯登科技（深圳）有限公司,91440300MAEE13YY3C,深圳市南山区招商街道水湾社区太子路18号海景广场大厦4C11A22,深圳市,广东省深圳市南山区招商街道水湾太子路18号,广东省,深圳市,南山区,440305,113.914375,22.482813,门址,1,OK,1
深圳市星熹低空产业发展有限公司,91440300MAEGKD300K,深圳市龙岗区龙城街道黄阁坑社区龙飞大道686号204F,深圳市,广东省深圳市龙岗区龙城街道黄阁坑社区龙飞大道686号,广东省,深圳市,龙岗区,440307,114.214041,22.713543,门址,1,OK,2
深圳市智周行互联科技有限公司,91440300MAEHW6NY3D,深圳市南山区桃源街道平山社区红花四路2号红花岭集悦城4栋626,深圳市,广东省深圳市南山区桃源街道平山红花岭集悦城,广东省,深圳市,南山区,440305,113.985271,22.587711,住宅区,1,OK,1
鹏城具身产业发展控股（深圳）有限公司,91440300MAEH2NP785,深圳市福田区华强北街道荔村社区华强北路2030号桑达418栋夹1层曼哈A座HA002,深圳市,广东省深圳市福田区华强北街道荔村社区华强北道2030曼哈,广东省,深圳市,福田区,440304,114.087038,22.546274,门址,1,OK,1
广州科竞文化传播有限公司,91440106MAEKRLBEXE,广州市天河区天慧路10号A430室,广州市,广东省广州市天河区天慧路10号,广东省,广州市,天河区,440106,113.420339,23.177315,门址,1,OK,3
空联寰动（深圳）低空经济发展有限公司,91440300MAET9GNK18,深圳市龙岗区龙城街道黄阁坑社区清林路442号天健现代城4栋A211,深圳市,,,,,,,,,0,CUQPS_HAS_EXCEEDED_THE_LIMIT,0
吾立低空教学（广州）科技有限公司,91440111MAER5NWT8L,广州市白云区螺涌高桥大街38号501房自编-2,广州市,广东省广州市白云区螺涌高桥大街38号,广东省,广州市,白云区,440111,113.229655,23.143763,门牌号,1,OK,2
深圳市万钍无人机科技有限公司,91440300MAETUUQG08,深圳市南山区招商街道五湾社区海湾路4号百安隆3栋205,深圳市,广东省深圳市南山区招商街道五湾社区居委会海湾路4号,广东省,深圳市,南山区,440305,113.899752,22.468164,门址,1,OK,2
广州低空飞行院有限公司,91440113MAETLY225C,广州市番禺区小谷围街中环西路7号B1栋201-203 室,广州市,广东省广州市番禺区小谷围街道中环西路(公交站),广东省,广州市,番禺区,440113,113.387140,23.040763,公交地铁站点,1,OK,1
鹏城低空科技咨询（深圳）合伙企业（有限合伙）,91440300MAEUY2U95N,深圳市光明区光明街道翠湖社区光明大街88号北区63号整套,深圳市,广东省深圳市光明区光明街道翠湖凤凰社区光明大街88号,广东省,深圳市,光明区,440311,113.945306,22.763003,门址,1,OK,1
深圳头名低空无人机产业有限公司,91440300MAK0A3G16Q,深圳市南山区桃源街道平山社区丽山路10号大学城创业园109,深圳市,广东省深圳市南山区桃源街道平山丽山路10号大学城,广东省,深圳市,南山区,440305,113.973316,22.587327,兴趣点,1,OK,1
深圳市中天低空经济综合服务有限公司,91440300MAK2CFR97J,深圳市南山区桃源街道长源社区长源一街85号长源京基御景峯大厦3座3801,深圳市,广东省深圳市南山区长源社区长源一街长源京基御景峰,广东省,深圳市,南山区,440305,114.011967,22.597998,住宅区,1,OK,1
深圳市超然农业供应链有限公司,91440300MAK262302G,深圳市大鹏新区葵涌街道坝光社区低空经济产业园1号楼201,深圳市,广东省深圳市龙岗区大鹏新区平南街道坝光社区,广东省,深圳市,龙岗区,440307,114.498014,22.644438,村庄,1,OK,3
深圳宝旭精密电子有限公司,914403000638930376,深圳市宝安区沙井街道沙一社区万安路长兴科技园19栋五层（前海合作区）,深圳市,,,,,,,,,0,CUQPS_HAS_EXCEEDED_THE_LIMIT,0
我要飞（广州）低空产业发展有限公司,91440116340154997W,广州市天河区高普路1021号5楼6408号（仅限办公）,广州市,广东省广州市天河区高普路1021号,广东省,广州市,天河区,440106,113.412995,23.172835,门址,1,OK,1
中叶投融（广州）发展控股有限公司,91440105MAECMJC44E,广州市海珠区宝岗大道268号816室,广州市,广东省广州市海珠区宝岗大道268号,广东省,广州市,海珠区,440105,113.270340,23.083758,门址,1,OK,2
广州星耕咨询服务有限公司,91440106MAD9RNB17B,广州市天河区林和中路188号附楼8楼A04,广州市,广东省广州市天河区林和中路188号A04(广州东站),广东省,广州市,天河区,440106,113.325442,23.149123,兴趣点,1,OK,1
空天低空产业发展研究（深圳）有限公司,91440300MAE79E1D94,深圳市宝安区航城街道钟屋社区洲石路650号宝星智荟城4号楼601,深圳市,,,,,,,,,0,CUQPS_HAS_EXCEEDED_THE_LIMIT,0
佛山大雁低空科技有限公司,91440605MAEA8U1F6J,佛山市南海区桂城街道林岳社区南福经济合作社土名“细围”1号自编01（住所申报）,佛山市,广东省佛山市南海区桂城街道林岳乡住所申报,广东省,佛山市,南海区,440605,113.095075,23.062075,兴趣点,1,OK,5
迪飞无人机科技（中山）有限公司,91442000MAEC1EGA0J,中山市火炬开发区中山港大道70号人力资源服务产业园第九栋第一层A4房,中山市,广东省中山市火炬开发区中山港大道70号第2栋,广东省,中山市,,442000,113.463468,22.556368,门址,1,OK,1
深圳市华鲲鹏科技有限公司,91440300MAEDH2NX9J,深圳市大鹏新区葵涌街道坝光社区低空经济产业园1号楼201,深圳市,广东省深圳市龙岗区大鹏新区平南街道坝光社区,广东省,深圳市,龙岗区,440307,114.498014,22.644438,村庄,1,OK,3
蓝锐华疆（深圳）投资控股有限公司,91440300MAEKJYG687,深圳市南山区粤海街道麻岭社区深南大道9966号威盛科技大厦1802,深圳市,广东省深圳市南山区粤海街道麻岭社区深南大道9966号威盛科技大厦,广东省,深圳市,南山区,440305,113.939974,22.540578,兴趣点,1,OK,1
佛山市光擎粤和科技有限公司,91440605MAETQ9GM74,佛山市南海区大沥镇竹基南路16号天海城市花园214号商铺自编A2,佛山市,,,,,,,,,0,CUQPS_HAS_EXCEEDED_THE_LIMIT,0
鹏城低空飞行服务（深圳）有限公司,91440300MACY0MCL8J,深圳市宝安区福海街道新田社区盈豪盛工业园第A栋,深圳市,广东省深圳市宝安区福海街道新田村凤凰社区,广东省,深圳市,宝安区,440306,113.830944,22.693446,村庄,1,OK,2
广东省元渔夫电子商务有限公司,91440300MA5GLT1P5D,深圳市大鹏新区葵涌街道坝光社区低空经济产业园1号楼201,深圳市,广东省深圳市龙岗区大鹏新区平南街道坝光社区,广东省,深圳市,龙岗区,440307,114.498014,22.644438,村庄,1,OK,3
深圳市鹏城天境企业管理合伙企业（有限合伙）,91440300MAETXK8Q71,深圳市福田区华强北街道荔村社区华强北路2030号桑达418栋夹1层曼哈A座HA212,深圳市,广东省深圳市福田区华强北街道荔村社区华强北道2030曼哈,广东省,深圳市,福田区,440304,114.087038,22.546274,门址,1,OK,1
玖禾未来（深圳）科技有限公司,91441300MA55LE5EXE,深圳市大鹏新区葵涌街道坝光社区低空经济产业园1号楼201,深圳市,广东省深圳市龙岗区大鹏新区平南街道坝光社区,广东省,深圳市,龙岗区,440307,114.498014,22.644438,村庄,1,OK,3
深圳汐律科技有限责任公司,91440300MAG1WG750G,深圳市大鹏新区葵涌街道坝光社区低空经济产业园1号楼201,深圳市,广东省深圳市龙岗区大鹏新区平南街道坝光社区,广东省,深圳市,龙岗区,440307,114.498014,22.644438,村庄,1,OK,3
汕头市星熹教育咨询有限公司,91440500MAK0CLJFXE,汕头市津湾东三街2号御海阳光花园6幢111号房,汕头市,广东省汕头市龙湖区津湾御海阳光花园(公交站),广东省,汕头市,龙湖区,440507,116.775050,23.347613,公交地铁站点,1,OK,2
深圳市麦芬科技贸易有限公司,91440300MA5GH4W59A,深圳市龙岗区横岗街道六约社区瑞泽佳园2栋D602,深圳市,广东省深圳市龙岗区横岗街道六约社区瑞泽佳园2栋,广东省,深圳市,龙岗区,440307,114.182822,22.645327,门址,1,OK,1
湛江市云瞰智能低空经济发展合伙企业（有限合伙）,91440800MAEED45C76,湛江市赤坎区椹川大道北69号(腾商软件园孵化器)自编号C幢一层C105、C106、C107室（一址多照）,湛江市,广东省湛江市赤坎区椹川大道北69号之1,广东省,湛江市,赤坎区,440802,110.370747,21.248585,门址,1,OK,1
广州翼智训低空产业发展有限公司,91440105MA9YC43G00,广州市海珠区南洲路92号东南门主厂房自编H1栋四层401-403房（仅限办公）,广州市,广东省广州市海珠区南洲路92-之4-8号,广东省,广州市,海珠区,440105,113.324609,23.057349,门址,1,OK,1
广东氢氢动能技术有限公司,91440300MA5HBD4G30,深圳市深汕特别合作区鹅埠镇深汕工业互联网制造业创新产业园(A14地块)1栋2层201房,深圳市,,,,,,,,,0,CUQPS_HAS_EXCEEDED_THE_LIMIT,0
鹏城大有产业发展（深圳）合伙企业（有限合伙）,91440300MA5HR5C41D,深圳市福田区华强北街道荔村社区华强北路2030号桑达418栋夹1层曼哈数码广场HA210,深圳市,广东省深圳市福田区华强北街道荔村社区华强北道2030曼哈,广东省,深圳市,福田区,440304,114.087038,22.546274,门址,1,OK,1
深圳蜚廉低空飞行服务有限公司,91440300MADFFCFB4G,深圳市龙岗区吉华街道甘坑社区甘李二路11号中海信创新产业城21栋103,深圳市,广东省深圳市龙岗区吉华街道甘坑社区甘李二路11号中海信创新产业城21栋,广东省,深圳市,龙岗区,440307,114.118475,22.648694,兴趣点,1,OK,1
深圳炜宸低空飞行培训有限公司,91440300MADKEXR315,深圳市南山区桃源街道龙辉社区北环大道8228号大沙河公园羽毛球、乒乓球馆一层,深圳市,广东省深圳市南山区桃源街道龙辉社区居委会北环大道8228号大沙河公园(东门),广东省,深圳市,南山区,440305,113.964162,22.556974,兴趣点,1,OK,1
低空新基建（广州）有限公司,91440111MADMT14R8M,广州市白云区三元里街齐心路66号南方航空大厦裙楼403室,广州市,广东省广州市白云区齐心路66号,广东省,广州市,白云区,440111,113.271608,23.179914,门址,1,OK,4
深圳市泽云健康管理有限公司,91440300MADXKMFR69,深圳市大鹏新区葵涌街道坝光社区低空经济产业园1号楼101,深圳市,广东省深圳市龙岗区大鹏新区平南街道坝光社区,广东省,深圳市,龙岗区,440307,114.498014,22.644438,村庄,1,OK,3
国开智航低空经济产业（深圳）有限公司,91440300MAE7MR4C67,深圳市盐田区盐田街道明珠社区东海道379号东港印象A区B栋2504,深圳市,广东省深圳市盐田区盐田街道明珠社区东海道379号东港印象家园a区,广东省,深圳市,盐田区,440308,114.250229,22.591871,门址,1,OK,1
银河创新投资（深圳）有限公司,91440300MAE9XCT83U,深圳市南山区粤海街道高新区社区科技南十二路18号长虹科技大厦2016,深圳市,广东省深圳市南山区粤海街道高新区社区高新南七道18号长虹科技大厦,广东省,深圳市,南山区,440305,113.957613,22.538135,兴趣点,1,OK,1
腾羿低空产业服务（深圳）有限公司,91440300MAEDAJQX62,深圳市盐田区沙头角街道田心社区沙盐路3018号盐田现代产业服务中心(一期)沙盐路3018-4号,深圳市,广东省深圳市盐田区沙头角街道田心桥东社区沙盐路3018号盐田现代产业服务中心,广东省,深圳市,盐田区,440308,114.232031,22.552040,兴趣点,1,OK,1
深圳合创云启科技有限公司,91440300MAEDTJ6N0X,深圳市大鹏新区葵涌街道坝光社区低空经济产业园1号楼201,深圳市,广东省深圳市龙岗区大鹏新区平南街道坝光社区,广东省,深圳市,龙岗区,440307,114.498014,22.644438,村庄,1,OK,3
阳江市合源低空经济发展有限责任公司,91441723MAEKC9A20D,阳江市阳东区东城镇永安路175号（住所申报）,阳江市,,,,,,,,,0,CUQPS_HAS_EXCEEDED_THE_LIMIT,0
广州无人足球俱乐部有限公司,91440104MAEKR7RT68,广州市越秀区先烈中路69号608房A49,广州市,广东省广州市越秀区先烈中路69号A49(广州友谊商店北区),广东省,广州市,越秀区,440104,113.287049,23.137568,兴趣点,1,OK,1
中达盛芯（深圳）低空经济科技有限公司,91440300MAEPP7JNXY,深圳市罗湖区南湖街道嘉北社区人民南路3012号天安国际大厦B2008,深圳市,广东省深圳市罗湖区南湖街道嘉北社区社区人民南路天安国际大厦,广东省,深圳市,罗湖区,440303,114.119377,22.542010,兴趣点,1,OK,1
湛江锦乾投资有限公司,91440802MAEPT6DG3J,湛江市赤坎区椹川大道北69号(腾商软件园孵化器)自编号C幢一层C20-5,湛江市,广东省湛江市赤坎区椹川大道北69号之2,广东省,湛江市,赤坎区,440802,110.371133,21.248105,门址,1,OK,1
深圳市灵云智飞低空经济发展有限公司,91440300MAEQMN797E,深圳市宝安区西乡街道固戍社区下围园万力华一方天地互联网产业园A栋附属楼101,深圳市,,,,,,,,,0,CUQPS_HAS_EXCEEDED_THE_LIMIT,0
深圳能飞航空科技有限公司,91440300MAG1FJA63M,深圳市光明区凤凰街道塘尾社区公明东升路199号3栋207,深圳市,广东省深圳市光明区凤凰街道塘尾社区公明东升路188号,广东省,深圳市,光明区,440311,113.907377,22.755227,门牌号,1,OK,2
深圳市南飞低空科技有限公司,91440300MA5J3385X8,深圳市南山区招商街道水湾社区太子路5号新时代广场（二期）1号楼704,深圳市,广东省深圳市南山区招商街道水湾太子路5号新时代广场,广东省,深圳市,南山区,440305,113.913071,22.482333,兴趣点,1,OK,1
广东中资盛世投资控股集团有限公司,91440604MAK31Q678F,广州市越秀区先烈中路69号621房A16,广州市,广东省广州市越秀区先烈中路69号,广东省,广州市,越秀区,440104,113.293815,23.136038,门址,1,OK,3
嘉联和低空产业发展（广州）有限责任公司,91440115MAK3EGUM71,广州市南沙区南沙街环市大道中91号418房之四,广州市,广东省广州市南沙区环市大道中91号,广东省,广州市,南沙区,440115,113.537952,22.804154,门牌号,1,OK,5
深圳中新研科技发展有限公司,91440300MADG6AY287,深圳市福田区福保街道福保社区市花路21号 富林物流大楼七层778,深圳市,广东省深圳市福田区福保街道福保社区市花路21号,广东省,深圳市,福田区,440304,114.045115,22.506902,门址,1,OK,1
惠州市一键起飞低空经济发展有限公司,91441381MAETUH6QXJ,惠州市惠阳区淡水街道工业集团公司泗水用地小区规划25号7楼701,惠州市,广东省惠州市惠阳区淡水街道泗水,广东省,惠州市,惠阳区,441303,114.445858,22.804095,村庄,1,OK,1
深圳市圆梦航空教育科技有限公司,91440300MA5GR5T73K,深圳市南山区南头街道大汪山社区桃园路8号田厦国际中心B座2317（入驻深圳市可乐商务秘书有限公司）,深圳市,,,,,,,,,0,CUQPS_HAS_EXCEEDED_THE_LIMIT,0
中杉低空经济产业发展（广州）有限公司,91440106MAEGY71H7M,广州市天河区珠江西路17号1901房自编1901-E单元,广州市,广东省广州市天河区珠江西路17号,广东省,广州市,天河区,440106,113.323281,23.125179,门址,1,OK,3
深圳市天安泰低空运营管理中心（有限合伙）,91440300MADXCQDG0H,深圳市南山区粤海街道麻岭社区科技中三路5号国人大厦B栋411-A13,深圳市,广东省深圳市南山区粤海街道麻岭社区科技中三路5号,广东省,深圳市,南山区,440305,113.941106,22.543463,门址,1,OK,2
次元短剧（广东）科技有限公司,91440104MAELN5780R,广州市越秀区永福路3号3栋6楼605房（集群注册）,广州市,广东省广州市越秀区永福路3号,广东省,广州市,越秀区,440104,113.301132,23.143717,门址,1,OK,2
中深空能科技（深圳）有限公司,91440300MAE8LJ030W,深圳市福田区莲花街道福新社区江苏大厦A座17层1701,深圳市,广东省深圳市福田区莲花街道福新社区江苏大厦a座,广东省,深圳市,福田区,440304,114.055480,22.546224,门址,1,OK,1
低空创富投资（深圳）合伙企业（有限合伙）,91440300MAD04MH35U,深圳市福田区莲花街道紫荆社区新闻路1号中电信息大厦西座816,深圳市,广东省深圳市福田区莲花街道紫荆福山社区新闻路1号中电信息大厦西座,广东省,深圳市,福田区,440304,114.047670,22.541371,兴趣点,1,OK,1
低空创新投资（深圳）合伙企业（有限合伙）,91440300MACYR3PT11,深圳市福田区莲花街道紫荆社区新闻路1号中电信息大厦西座816,深圳市,广东省深圳市福田区莲花街道紫荆福山社区新闻路1号中电信息大厦西座,广东省,深圳市,福田区,440304,114.047670,22.541371,兴趣点,1,OK,1
东莞市星空之王低空经济发展有限公司,91441900MAEKJLJ610,广东省东莞市东城街道龙石路20号102室,东莞市,广东省东莞市东城街道龙石路b20号,广东省,东莞市,,441900,113.796925,23.075051,门址,1,OK,1
广东亿航低空产业投资有限公司,91440300MAK50FKJ12,深圳市宝安区西乡街道蚝业社区大铲湾蓝色未来科技园二期9栋5层,深圳市,,,,,,,,,0,CUQPS_HAS_EXCEEDED_THE_LIMIT,0
广州尚品自动化设备有限公司,91441283MA54LGH22G,广州市南沙区金岭南路412号自编二栋350-351房B1294,广州市,广东省广州市南沙区金岭南路412号,广东省,广州市,南沙区,440115,113.559072,22.762265,门址,1,OK,1
深圳深湾名流飞行俱乐部有限公司,91440300MA5HJ5GD7R,深圳市坪山区坑梓街道秀新社区宝梓北路75号305,深圳市,广东省深圳市坪山区坑梓街道秀新社区宝梓北路75号,广东省,深圳市,坪山区,440310,114.383162,22.745369,门牌号,1,OK,2
深圳市六景企业管理有限公司,91440300MACLJ3XJ57,深圳市龙岗区平湖街道凤凰社区凤凰大道锦冠华庭1号楼DS-02,深圳市,广东省深圳市龙岗区平湖街道社区街道凤凰大道九号院馆1号楼,广东省,深圳市,龙岗区,440307,114.138936,22.699151,门址,1,OK,5
深圳市旭瑞科技投资合伙企业（有限合伙）,91440300MAE3FPNX18,深圳市大鹏新区葵涌街道坝光社区低空经济产业园1号楼201,深圳市,广东省深圳市龙岗区大鹏新区平南街道坝光社区,广东省,深圳市,龙岗区,440307,114.498014,22.644438,村庄,1,OK,3
深圳金鲲奥维科技有限公司,91440300MAEW46261F,深圳市龙岗区龙岗街道南联社区银株路31号4栋321,深圳市,广东省深圳市龙岗区龙岗街道南联社区街道银株路31号,广东省,深圳市,龙岗区,440307,114.260535,22.712097,门址,1,OK,1
深圳市知途行旅低空经济有限责任公司,91440300MAEWKDPT25,深圳市盐田区盐田街道东海社区明珠道15号盐田综合保税区海格云链大楼1号楼3022,深圳市,广东省深圳市盐田区盐田街道明珠道15号深圳盐田综合保税区(北1门)海格云链大楼(2号门),广东省,深圳市,盐田区,440308,114.265255,22.581582,兴趣点,1,OK,1
泽一天和健康管理（深圳）有限责任公司,91440300MAEH1UKE7Y,深圳市大鹏新区葵涌街道坝光社区低空经济产业园1号楼101,深圳市,广东省深圳市龙岗区大鹏新区平南街道坝光社区,广东省,深圳市,龙岗区,440307,114.498014,22.644438,村庄,1,OK,3
中华龙航空（武汉）有限公司深圳低空经济分公司,91440300MAEGXEMW71,深圳市龙岗区宝龙街道宝龙社区南同大道28号贝斯达医疗器械大厦1栋A号厂房1A2101,深圳市,广东省深圳市龙岗区宝龙街道宝龙社区南同大道28号贝斯达医疗器械大厦,广东省,深圳市,龙岗区,440307,114.290974,22.695320,兴趣点,1,OK,1
深圳市创鹏众创空间有限公司,91440300MAEF0TDK1B,深圳市大鹏新区葵涌街道坝光社区低空经济产业园1号楼201,深圳市,广东省深圳市龙岗区大鹏新区平南街道坝光社区,广东省,深圳市,龙岗区,440307,114.498014,22.644438,村庄,1,OK,3
中交低空经济（广东）有限公司深圳分公司,91440300MAK2JM8MXC,深圳市宝安区沙井街道沙四社区飞扬路88号沙三购物广场215,深圳市,广东省深圳市宝安区沙井街道沙四社区飞扬路88号沙三购物广场,广东省,深圳市,宝安区,440306,113.807794,22.746996,兴趣点,1,OK,1
深圳市泽善生命健康管理有限公司,91440300MAE9W3RN3U,深圳市大鹏新区葵涌街道坝光社区低空经济产业园1号楼101,深圳市,广东省深圳市龙岗区大鹏新区平南街道坝光社区,广东省,深圳市,龙岗区,440307,114.498014,22.644438,村庄,1,OK,3
唐基企业管理咨询（深圳）有限公司,91440300MA5EQ1UN2U,深圳市龙岗区坂田街道五和大道南3号富奇创意大厦301-303室,深圳市,,,,,,,,,0,CUQPS_HAS_EXCEEDED_THE_LIMIT,0
深圳市金鲲天合数智科技有限公司,91440300MAK3Q0C63C,深圳市南山区招商街道花果山社区工业六路4号兴华工业大厦7栋AB座239-4,深圳市,广东省深圳市南山区招商街道花果山社区工业六路4号兴华工业大厦7栋A座,广东省,深圳市,南山区,440305,113.919219,22.493348,门址,1,OK,1
深圳年夕企业管理中心（有限合伙）,91440300MA5GP5342B,深圳市罗湖区东晓街道绿景社区布吉路富基帕克大厦415-C008,深圳市,广东省深圳市罗湖区东湖街道绿景社区C008(东大布料辅料窗帘城),广东省,深圳市,罗湖区,440303,114.122636,22.550674,兴趣点,1,OK,6
鹏疆鹏有（深圳）投资合伙企业（有限合伙）,91440300MAEEDTD40T,深圳市大鹏新区葵涌街道坝光社区低空经济产业园1号楼201,深圳市,广东省深圳市龙岗区大鹏新区平南街道坝光社区,广东省,深圳市,龙岗区,440307,114.498014,22.644438,村庄,1,OK,3
空港数字经济高新产业孵化器（广州）有限公司,91440101MA9ULD0K4U,广州市黄埔区香雪八路98号F栋1205房（仅限办公）,广州市,广东省广州市黄埔区香雪八路98号f栋,广东省,广州市,黄埔区,440112,113.499383,23.177677,小巷,1,OK,3
福气航空管理（深圳）企业（有限合伙）,91440300MAERJ1JC24,深圳市福田区华强北街道荔村社区华强北路2030号桑达418栋夹1层曼哈A座HA021,深圳市,,,,,,,,,0,CUQPS_HAS_EXCEEDED_THE_LIMIT,0
天义智能航空科技（深圳）有限公司,91440300MAEXCMPT4H,深圳市南山区粤海街道麻岭社区麻雀岭工业区中钢大厦M-7栋东座205-11,深圳市,广东省深圳市南山区粤海街道麻岭社区麻雀岭中钢大厦m7栋,广东省,深圳市,南山区,440305,113.940071,22.541480,门址,1,OK,2
星耀空科低空科技（深圳）有限公司,91440300MAEB3T1B45,深圳市龙华区龙华街道松和社区东环一路108号油松科技大厦B1342,深圳市,广东省深圳市龙华区龙华街道松和社区东环一路108号油松科技大厦b1342号,广东省,深圳市,龙华区,440309,114.040088,22.645408,门址,1,OK,1
深圳玖禾嘉谊投资有限公司,91530100MA6MYF7A0U,深圳市大鹏新区葵涌街道坝光社区低空经济产业园1号楼201,深圳市,广东省深圳市龙岗区大鹏新区平南街道坝光社区,广东省,深圳市,龙岗区,440307,114.498014,22.644438,村庄,1,OK,3
深圳市湘裕数字低空科技发展有限公司,91440300MAEW20NB94,深圳市宝安区西乡街道蚝业社区大铲湾蓝色未来科技园二期9栋4层,深圳市,广东省深圳市宝安区西乡宝安街道蚝业社区大铲湾蓝色未来科技园(公交站),广东省,深圳市,宝安区,440306,113.860380,22.553109,公交地铁站点,1,OK,1
广东横琴盛达云翼低空经济产业发展有限公司,91440003MAERM9RF68,珠海市横琴港澳大道868号市民服务中心2号楼政务服务中心114室-2431（集中办公区）,珠海市,广东省珠海市香洲区横琴镇珠海市民服务中心2号楼,广东省,珠海市,香洲区,440402,113.546140,22.279861,兴趣点,1,OK,1
鹏城未来低空管理（深圳）有限公司,91440300MAEQPAM85F,深圳市福田区华强北街道荔村社区华强北路2030号桑达418栋夹1层曼哈数码广场HA210,深圳市,广东省深圳市福田区华强北街道荔村社区华强北道2030曼哈,广东省,深圳市,福田区,440304,114.087038,22.546274,门址,1,OK,1
我们的未来（深圳）科技有限公司,91440300MAEU5JYJ0K,深圳市宝安区西乡街道蚝业社区大铲湾蓝色未来科技园二期9栋208,深圳市,,,,,,,,,0,CUQPS_HAS_EXCEEDED_THE_LIMIT,0
深圳众乐乐数字化低空飞行研学科技有限公司,91440300MAEAXLU779,深圳市盐田区梅沙街道东海岸社区闲云路38号深圳东部华侨城茶溪谷38附127号,深圳市,广东省深圳市盐田区梅沙街道东海岸社区闲云路东部华侨城(西门),广东省,深圳市,盐田区,440308,114.304233,22.603716,兴趣点,1,OK,2
深圳市索阳控股集团有限公司,91440300MA5FQJQH8M,深圳市宝安区西乡街道臣田社区宝田二路6号雍华源A栋商务楼2201-2202,深圳市,广东省深圳市宝安区西乡宝安街道臣田社区宝田二路雍华源,广东省,深圳市,宝安区,440306,113.873550,22.597033,住宅区,1,OK,2
空天地宇（深圳）科技有限公司,91440300MAG0BB065Y,深圳市宝安区西乡街道蚝业社区大铲湾蓝色未来科技园二期9栋4层,深圳市,广东省深圳市宝安区西乡宝安街道蚝业社区大铲湾蓝色未来科技园(公交站),广东省,深圳市,宝安区,440306,113.860380,22.553109,公交地铁站点,1,OK,1
华南领航低空产业投资（深圳）有限公司,91440300MAEQPT861T,深圳市福田区福保街道福保社区市花路14号盈福高科技厂房七层B厂房702C,深圳市,,,,,,,,,0,CUQPS_HAS_EXCEEDED_THE_LIMIT,0
广东省中遥飞航数智供应链有限公司,91440111MAE478Y379,广州市白云区三元里街齐心路66号中国南方航空大厦裙楼四楼808-A39室,广州市,广东省广州市白云区三元里大道齐心路66号中国南方航空大厦裙楼,广东省,广州市,白云区,440111,113.270471,23.180270,未知,1,OK,1
悟界智能科技（深圳）有限公司,91440300MA5G4BBK6W,深圳市福田区华强北街道荔村社区华强北路2030号桑达418栋夹1层曼哈数码广场HA213,深圳市,广东省深圳市福田区华强北街道荔村社区华强北道2030曼哈,广东省,深圳市,福田区,440304,114.087038,22.546274,门址,1,OK,1
中传低空经济产业发展（珠海）有限公司,91440400MA4WND7334,珠海市横琴新区宝华路6号105室-31539（集中办公区）,珠海市,广东省珠海市香洲区横琴宝华路6号105室,广东省,珠海市,香洲区,440402,113.548267,22.113246,小巷,1,OK,2
深圳反重力科技有限公司,91440300MADP59769Y,深圳市大鹏新区葵涌街道坝光社区低空经济产业园1号楼201,深圳市,广东省深圳市龙岗区大鹏新区平南街道坝光社区,广东省,深圳市,龙岗区,440307,114.498014,22.644438,村庄,1,OK,3
深圳市绿坊酒店管理有限公司,91440300MA5DCWM78G,深圳市大鹏新区葵涌街道坝光社区低空经济产业园1号楼201（一照多址企业）,深圳市,,,,,,,,,0,CUQPS_HAS_EXCEEDED_THE_LIMIT,0
广州黄埔开投低空经济产业投资基金合伙企业（有限合伙）,91440112MAE0EG1A0A,广州市黄埔区科学大道48号3101房,广州市,广东省广州市黄埔区科学大道48号,广东省,广州市,黄埔区,440112,113.429173,23.164528,门址,1,OK,1
深圳市中科经纬低空科技有限公司,91440300MAEN43HT9W,深圳市龙岗区坂田街道岗头社区天安云谷产业园一期3栋ABCD座C1702,深圳市,广东省深圳市龙岗区坂田街道岗头社区天安云谷,广东省,深圳市,龙岗区,440307,114.068998,22.660029,住宅区,1,OK,2
玖禾（广东）教育科技发展有限公司,91441900MA51B0103J,深圳市大鹏新区葵涌街道坝光社区低空经济产业园1号楼201,深圳市,广东省深圳市龙岗区大鹏新区平南街道坝光社区,广东省,深圳市,龙岗区,440307,114.498014,22.644438,村庄,1,OK,3
新山港城建工程（深圳）有限公司,91440300MADWY61N6W,深圳市坪山区碧岭街道碧岭社区碧岭新沙路91-3,深圳市,广东省深圳市坪山区碧岭坪山区街道碧岭社区碧岭新沙路,广东省,深圳市,坪山区,440310,114.280381,22.663159,道路,1,OK,1
广东国都智能科技有限公司,91440106MADT3YD25W,广州市天河区黄埔大道西120号2101室（部位：自编AB）,广州市,,,,,,,,,0,CUQPS_HAS_EXCEEDED_THE_LIMIT,0
佛山康晋云充技术有限公司,91440606MAEE1K5QXJ,广东省佛山市顺德区乐从镇琴湖社区创富四路2号1号楼2层,佛山市,广东省佛山市顺德区乐从镇创富四路,广东省,佛山市,顺德区,440606,113.097791,22.907177,道路,1,OK,9
合纵凯达电力科技（深圳）有限公司,91440300311928869Q,深圳市宝安区松岗街道潭头社区芙蓉路9号二期7号厂房401,深圳市,广东省深圳市宝安区松岗街道潭头社区芙蓉路9号,广东省,深圳市,宝安区,440306,113.861781,22.742376,门址,1,OK,2
深圳市嘉泊智慧城市运营管理有限公司,914403003267123581,深圳市宝安区西乡街道桃源社区桃源居十二区7栋802,深圳市,广东省深圳市宝安区西乡宝安街道桃源社区桃源居,广东省,深圳市,宝安区,440306,113.864162,22.615899,住宅区,1,OK,3
广东速腾物流有限公司,91440300085992060F,深圳市龙岗区吉华街道甘坑社区臻翰工业城飞达帽业有限公司仓库整套,深圳市,,,,,,,,,0,CUQPS_HAS_EXCEEDED_THE_LIMIT,0
深圳市智医库科技合伙企业（有限合伙）,91440300MAE3XWP363,深圳市南山区粤海街道高新区社区高新南九道45号西北工业大学三航科技大厦401,深圳市,广东省深圳市南山区粤海街道高新区社区高新南九道45号西北工业大学三航科技大厦,广东省,深圳市,南山区,440305,113.941782,22.527822,兴趣点,1,OK,1
珠海天晴航空航天科技有限公司,91440400MA4UQCBU13,珠海市金湾区红旗镇珠海大道6898号3#厂房1层102室,珠海市,广东省珠海市金湾区红旗镇珠海大道6898号,广东省,珠海市,金湾区,440404,113.324510,22.112447,门址,1,OK,3
珠海市低空产业投资运营有限公司,91440400082564730K,珠海市金湾区三灶镇金海中路777号47栋办公楼,珠海市,广东省珠海市金湾区三灶镇,广东省,珠海市,金湾区,440404,113.363400,22.054270,乡镇,1,OK,1
海工（珠海）重工有限公司,91440400MA4ULBA182,中国广东省珠海市高栏港经济区平港路99号,珠海市,广东省珠海市香洲区高栏港经济区,广东省,珠海市,香洲区,440402,113.574932,22.244963,住宅区,1,OK,2
深圳蜂巢互联科技有限公司,91440300MA5FLFKW4K,深圳市龙岗区坂田街道岗头社区天安云谷产业园二期4栋4002,深圳市,广东省深圳市龙岗区坂田街道岗头社区天安云谷,广东省,深圳市,龙岗区,440307,114.068998,22.660029,住宅区,1,OK,1
深圳市元渔夫海洋生物科技有限公司,91440300MAEE7N1370,深圳市大鹏新区葵涌街道坝光社区低空经济产业园1号楼201,深圳市,广东省深圳市龙岗区大鹏新区平南街道坝光社区,广东省,深圳市,龙岗区,440307,114.498014,22.644438,村庄,1,OK,3
深圳市天泰智能低空经济发展有限公司,91440300MAEA71K260,深圳市福田区福田街道福安社区益田路4068号卓越时代广场大厦4106,深圳市,广东省深圳市福田区福田街道福安社区益田路4068卓越,广东省,深圳市,福田区,440304,114.056953,22.534195,门址,1,OK,1
广东新禾智慧数字科技有限公司,914401065937484197,广州市黄埔区科学大道237号401,广州市,广东省广州市黄埔区科学大道237号,广东省,广州市,黄埔区,440112,113.456988,23.172135,门址,1,OK,2
深圳书宁云翎科技（集团）有限公司,91440300MAEF8TYN33,深圳市南山区粤海街道科技园社区科发路2号30区3栋二楼216D,深圳市,,,,,,,,,0,CUQPS_HAS_EXCEEDED_THE_LIMIT,0
腾宇达低空产业发展（深圳）有限公司,91440300051525288U,深圳市福田区南园街道南园路68号上步大厦9k,深圳市,广东省深圳市福田区南园街道南园路68号上步大厦9K,广东省,深圳市,福田区,440304,114.095650,22.539212,门址,1,OK,1
深圳市资智通文化科技有限公司,91440300063889652E,深圳市南山区粤海街道海珠社区海德三道15号海岸大厦东座913,深圳市,广东省深圳市南山区粤海街道海德三道15号海岸大厦东座,广东省,深圳市,南山区,440305,113.937754,22.518111,未知,1,OK,1
玖禾（广东）孵化器有限公司,91440101MA5CLHEG82,深圳市大鹏新区葵涌街道坝光社区低空经济产业园1号楼201,深圳市,广东省深圳市龙岗区大鹏新区平南街道坝光社区,广东省,深圳市,龙岗区,440307,114.498014,22.644438,村庄,1,OK,3
万基泰科工集团（深圳）有限公司,91440300MA5F4JEA4E,深圳市前海深港合作区南山街道梦海大道5109号前海卓越金融中心三期1号楼5401-40A,深圳市,广东省深圳市南山区前海南山街道梦海大道5109号卓越·前海壹号,广东省,深圳市,南山区,440305,113.899648,22.529287,兴趣点,1,OK,2
深圳旷世天鹭低空科技产业管理有限公司,91440300MAE9L9KN5D,深圳市龙岗区坂田街道岗头社区新围仔五和大道4004号名筑大厦六层615,深圳市,,,,,,,,,0,CUQPS_HAS_EXCEEDED_THE_LIMIT,0
中恒（深圳）低空产业投资发展有限公司,91440300MAEDD1RXXB,深圳市福田区华强北街道荔村社区华强北路2030号桑达418栋4层C16,深圳市,广东省深圳市福田区华强北街道荔村社区华强北路2030号,广东省,深圳市,福田区,440304,114.085654,22.548192,门牌号,1,OK,2
玖禾（深圳）生态农业科技有限公司,91440300MA5ERQBY5G,深圳市大鹏新区葵涌街道坝光社区低空经济产业园1号楼201,深圳市,广东省深圳市龙岗区大鹏新区平南街道坝光社区,广东省,深圳市,龙岗区,440307,114.498014,22.644438,村庄,1,OK,3
中飞智能低空产业基地发展（深圳）有限公司,91440300MAET455KX8,深圳市盐田区沙头角街道田心社区沙盐路3018号盐田现代产业服务中心(一期)A座30A,深圳市,广东省深圳市盐田区沙头角街道田心桥东社区沙盐路3018号盐田现代产业服务中心,广东省,深圳市,盐田区,440308,114.232031,22.552040,兴趣点,1,OK,1
御风未来飞行科技（广东）有限公司,91440400MA56ABA18L,中山市坦洲镇晓阳路7号之一F小栋一楼101卡,中山市,广东省中山市坦洲镇晓阳路7号,广东省,中山市,,442000,113.474704,22.258445,门址,1,OK,1
中科科创（深圳）投资集团有限公司,91440300MA5G4UNT8C,深圳市前海深港合作区南山街道梦海大道5109号前海卓越金融中心（一期）8号楼2907,深圳市,,,,,,,,,0,CUQPS_HAS_EXCEEDED_THE_LIMIT,0
广东数智低空产业研究有限公司,91440115MAE82TDF5E,广州市黄埔区荔红一路6号1栋（自编5A栋）9楼901号,广州市,广东省广州市黄埔区荔红一路6号,广东省,广州市,黄埔区,440112,113.504636,23.166508,门牌号,1,OK,1
大豫鸿运低空经济产业（深圳）有限公司,91440300MAE83H4WXC,深圳市福田区莲花街道紫荆社区新闻路1号中电信息大厦西座816,深圳市,广东省深圳市福田区莲花街道紫荆福山社区新闻路1号中电信息大厦西座,广东省,深圳市,福田区,440304,114.047670,22.541371,兴趣点,1,OK,1
深圳市未来之星低空经济发展有限公司,91440300MAEX9MMYXG,深圳市深汕特别合作区鲘门镇深汕湾科技园5栋1502,深圳市,广东省深圳市福田区深汕特别合作区,广东省,深圳市,福田区,440304,114.005141,22.534293,住宅区,1,OK,1
宇邦安国际防务科技（深圳）有限公司,91440300MA5F0D355T,深圳市南山区西丽街道松坪山社区高新北六道38号瑞声科技楼(绿创云谷)606室,深圳市,广东省深圳市南山区西丽街道松坪山高新北六道38号,广东省,深圳市,南山区,440305,113.940097,22.554398,门址,1,OK,2
深圳市昱熙基金管理有限公司,91440300MA5D8NQ42H,深圳市前海深港合作区南山街道兴海大道3046号香江金融大厦1401-03C,深圳市,广东省深圳市南山区前海深港合作区兴海大道2022号,广东省,深圳市,南山区,440305,113.890434,22.493869,门牌号,1,OK,3
广东鹏霄国际航空技术有限公司,91440300MA5EC47Q25,深圳市大鹏新区葵涌街道坝光社区低空经济产业园1号楼201,深圳市,广东省深圳市龙岗区大鹏新区平南街道坝光社区,广东省,深圳市,龙岗区,440307,114.498014,22.644438,村庄,1,OK,3
宇景低空（雷州）智能科技有限公司,91440882MAE2YKQR0K,湛江市雷州市沈塘镇广东雷州经济开发区开源大道1号企业服务中心416号房,湛江市,广东省湛江市雷州市沈塘镇雷州街道,广东省,湛江市,雷州市,440882,110.094978,20.910210,乡镇,1,OK,1
中亚天空（深圳）科技有限公司,91440300MA5EW8TA18,深圳市龙华区民治街道龙塘北三巷10号1301,深圳市,广东省深圳市龙华区民治街道龙塘,广东省,深圳市,龙华区,440309,114.014511,22.630585,住宅区,1,OK,1
广东宇景低空智能科技有限公司,91440882MAE32TBH4A,广东雷州经济开发区开源大道1号企业服务中心417号,湛江市,,,,,,,,,0,CUQPS_HAS_EXCEEDED_THE_LIMIT,0
广东中原智付储能技术有限公司,91441900314837663N,广东省东莞市寮步镇香市路362号1栋303房,东莞市,广东省东莞市寮步镇香市路362号,广东省,东莞市,,441900,113.891809,22.978481,门牌号,1,OK,1
星球物联网科技（深圳）有限公司,91440300MA5G40336F,深圳市龙岗区龙岗街道平南社区九州家园6栋梅园路85、87号,深圳市,广东省深圳市龙岗区龙岗街道平南社区九州家园梅园路85号,广东省,深圳市,龙岗区,440307,114.262912,22.730047,门址,1,OK,1
深圳玖禾阳光投资有限公司,91110111MA005D7X4B,深圳市大鹏新区葵涌街道坝光社区低空经济产业园1号楼201,深圳市,广东省深圳市龙岗区大鹏新区平南街道坝光社区,广东省,深圳市,龙岗区,440307,114.498014,22.644438,村庄,1,OK,3
广州空天通讯技术服务有限公司,91440116MA59A97X8G,广州市越秀区沿江中路298号中区32楼自编02B（一址多照）（仅限办公）,广州市,广东省广州市越秀区沿江中路298号中区,广东省,广州市,越秀区,440104,113.277202,23.115051,小巷,1,OK,2
深圳市盛空科技有限公司,91440300MA5DJ6TK6J,深圳市南山区西丽街道新围社区官龙村150号六层,深圳市,广东省深圳市南山区西丽街道新围官龙村,广东省,深圳市,南山区,440305,113.946771,22.587641,村庄,1,OK,5
深圳前海燚顺低空经济产业创新中心有限公司,91440300MAEQ9775X5,深圳市前海深港合作区南山街道怡海大道2041号招商局前海经贸中心二期A座-111H24,深圳市,广东省深圳市南山区前海深港合作区南山街道南水村B15栋,广东省,深圳市,南山区,440305,113.924164,22.488255,兴趣点,1,OK,5
深圳市翼巡低空科技有限公司,91440300MA5DHAUB9E,深圳市南山区粤海街道粤桂社区白石路3818号阳光粤海花园二期3栋913,深圳市,广东省深圳市南山区粤海街道粤桂社区白石路3818号阳光粤海(3号门),广东省,深圳市,南山区,440305,113.940686,22.532130,兴趣点,1,OK,4
广东低空科技发展有限公司,91441802MADTX2Y5XG,清远市清城区东城街道附城大道78号盈链数字经济产业园10号楼,清远市,,,,,,,,,0,CUQPS_HAS_EXCEEDED_THE_LIMIT,0
深圳市微联星智科技有限公司,91440300MA5DR8F96E,深圳市南山区粤海街道高新区社区高新南九道45号西北工业大学三航科技大厦2407,深圳市,广东省深圳市南山区粤海街道高新区社区高新南九道45号西北工业大学三航科技大厦,广东省,深圳市,南山区,440305,113.941782,22.527822,兴趣点,1,OK,1
深圳市神行低空出行有限公司,91440300MAE7EU0U2U,深圳市南山区粤海街道高新区社区高新南七道07号国信投资大厦1804,深圳市,广东省深圳市南山区粤海街道高新区社区高新南七道07号国信投资大厦,广东省,深圳市,南山区,440305,113.953124,22.533528,兴趣点,1,OK,1
广州市海珠低空经济产业发展有限公司,91440105MAEHMM50XJ,广州市海珠区海诚西街7号四层自编403房（仅限办公）,广州市,广东省广州市海珠区海诚西街7号,广东省,广州市,海珠区,440105,113.397627,23.095833,门牌号,1,OK,1
广东中天建设科技有限公司,91441900MA54G8WX2Y,广东省东莞市南城街道新基路7号1栋210室,东莞市,,,,,,,,,0,CUQPS_HAS_EXCEEDED_THE_LIMIT,0
深圳飞飞低空智能科技有限公司,91440300MAK1H2DH4K,深圳市福田区华强北街道荔村社区华强北路2030号桑达418栋夹1层曼哈数码广场HA0215,深圳市,广东省深圳市福田区华强北街道荔村社区华强北道2030曼哈,广东省,深圳市,福田区,440304,114.087038,22.546274,门址,1,OK,1
深圳市皓宇低空科技有限公司,91440300MADKPDL559,深圳市福田区梅林街道梅都社区中康路126号卓越梅林中心广场（南区）A2603A,深圳市,广东省深圳市福田区梅林街道梅都社区居委会中康路卓越梅林中心广场,广东省,深圳市,福田区,440304,114.059996,22.569413,兴趣点,1,OK,1
广东精维航空飞机维修有限公司,91440605MAE7PY5H9N,佛山市南海区狮山镇罗村联和大道45号26座厂房之六（住所申报）,佛山市,广东省佛山市南海区狮山镇罗村联和大道住所申报,广东省,佛山市,南海区,440605,113.095075,23.062075,兴趣点,1,OK,1
广东惠州市广晟翔龙低空经济发展有限公司,91441302MAEQGWKU3N,惠州市惠城区小金口街道黄塘西路3号卓超智慧谷科技大厦1号楼17层1702,惠州市,,,,,,,,,0,CUQPS_HAS_EXCEEDED_THE_LIMIT,0
深圳华跃云鹏科技有限公司,91440300MA5FG2FK1D,深圳市宝安区西乡街道富华社区西乡大道正泰商业大厦3层,深圳市,广东省深圳市宝安区西乡宝安街道富华社区西乡大道正泰商业大厦3层,广东省,深圳市,宝安区,440306,113.890094,22.589719,门址,1,OK,1
深圳市喜悦智慧数据有限公司,91440300319512147W,深圳市龙华区民治街道大岭社区红山六九七九二期9栋702（26座7层702室）,深圳市,广东省深圳市龙华区民治街道大岭社区居委会红山六九七九二期,广东省,深圳市,龙华区,440309,114.025367,22.621653,住宅区,1,OK,1
清远旅云飞低空经济技术发展有限公司,91441802MADWFRHQ62,清远市清城区东城街道凤翔北路200号清远互联网+创新产业园启动区-2号楼1楼101室,清远市,,,,,,,,,0,CUQPS_HAS_EXCEEDED_THE_LIMIT,0
深圳市亿航东方低空经济产业私募股权投资基金合伙企业（有限合伙）,91440300MAK0Y18U8Q,深圳市龙华区龙华街道富康社区清泉路7号C单元C803,深圳市,广东省深圳市龙华区龙华街道富康社区清泉路7号c单元,广东省,深圳市,龙华区,440309,114.038875,22.657621,小巷,1,OK,2
广东光海光伏建筑发展有限公司,91440403MA54B10X2U,珠海市斗门区白藤一路华丰一区1号201房,珠海市,广东省珠海市斗门区白藤一路华丰一区1号,广东省,珠海市,斗门区,440403,113.355904,22.145539,门址,1,OK,1
珠海光恒科技有限公司,91440400MA4WAGEK48,珠海市香洲区永南路388号2栋201房,珠海市,广东省珠海市香洲区,广东省,珠海市,香洲区,440402,113.543372,22.265635,区县,1,OK,1
软通智慧科技有限公司,91420111MA4KU4X662,深圳市罗湖区东门街道城东社区深南东路2028号罗湖商务中心401,深圳市,,,,,,,,,0,CUQPS_HAS_EXCEEDED_THE_LIMIT,0
广东中维智泊停车服务有限公司,91440300MA5ECU911U,广东省佛山市顺德区大良街道办事处近良居委会新桂南路20号221室,佛山市,广东省佛山市顺德区大良街道近良居委会新桂南路20号,广东省,佛山市,顺德区,440606,113.271781,22.818451,门址,1,OK,3
中运科技股份有限公司,91440101550593664J,广州市天河区珠江西路15号5702室（部位：A）5701室,广州市,广东省广州市天河区珠江西路15号楼,广东省,广州市,天河区,440106,113.344966,23.148595,门址,1,OK,3
广州鑫凌耀科技有限公司,91440106MA9YCEK48X,广州市海珠区桥头大街228号之三4040,广州市,广东省广州市海珠区桥头大街228号,广东省,广州市,海珠区,440105,113.371460,23.088800,门址,1,OK,1
零界科技（深圳）有限责任公司,91440300MAEBRARGXN,深圳市南山区南山街道南山社区华联商务中心T3栋写字楼701,深圳市,,,,,,,,,0,CUQPS_HAS_EXCEEDED_THE_LIMIT,0
鹏有（深圳）飞行科技有限公司,91440300MADFXNP223,深圳市光明区凤凰街道东坑社区光明凤凰广场3栋1201,深圳市,广东省深圳市光明区凤凰街道东坑社区光明凤凰广场,广东省,深圳市,光明区,440311,113.933006,22.742423,兴趣点,1,OK,2
广东霄瞰低空智能科技有限公司,91441900MAEKQ0Y25A,广东省东莞市大岭山镇大岭山金山二街12号101室,东莞市,广东省东莞市大岭山镇大岭山街道金山二街,广东省,东莞市,,441900,114.135699,22.859787,道路,1,OK,3
中科（深圳）数字资本集团有限公司,91440300MA5GM8DJ0J,深圳市南山区粤海街道高新区社区科技南八路2号豪威科技大厦1178,深圳市,广东省深圳市南山区粤海街道高新区社区科技南八道2号豪威科技大厦,广东省,深圳市,南山区,440305,113.952490,22.533516,兴趣点,1,OK,1
深圳市德孚力奥科技有限公司,91440300MA5EYAYG9U,深圳市坪山区龙田街道竹坑社区翠景路37号坪山城投智园C栋C1101,深圳市,广东省深圳市坪山区坪山区龙田街道竹坑社区翠景路坪山城投智园(公交站),广东省,深圳市,坪山区,440310,114.387741,22.712276,公交地铁站点,1,OK,2
深圳市倍联德实业有限公司,9144030033538400X2,深圳市龙岗区坂田街道南坑社区雅宝路1号星河WORLDF栋大厦901906B-913,深圳市,广东省深圳市龙岗区坂田街道南坑社区街道星河worldf栋大厦,广东省,深圳市,龙岗区,440307,114.061489,22.602324,小巷,1,OK,1
琴航（广东横琴）科技有限公司,91440003MAE5CRDL01,珠海市横琴新区环岛北路2515号2单元708-2,珠海市,广东省珠海市香洲区横琴新区环岛北路1680号,广东省,珠海市,香洲区,440402,113.460022,22.124751,门牌号,1,OK,1
深圳市大疆灵眸科技有限公司,914403000589938852,深圳市南山区西丽街道西丽社区仙元路55号大疆天空之城T1-23F-S11,深圳市,,,,,,,,,0,CUQPS_HAS_EXCEEDED_THE_LIMIT,0
深圳市大疆创新科技有限公司,914403007954257495,深圳市南山区西丽街道西丽社区仙元路53号大疆天空之城T2大堂,深圳市,广东省深圳市南山区西丽街道西丽社区大疆天空之城,广东省,深圳市,南山区,440305,113.942888,22.577473,兴趣点,1,OK,1
深圳市道通智能航空技术股份有限公司,91440300306077254B,深圳市前海深港合作区南山街道桂湾五路128号基金小镇基金9米商业平台29-24（一照多址企业）,深圳市,广东省深圳市南山区前海南山街道桂湾基金小镇,广东省,深圳市,南山区,440305,113.904625,22.529312,乡镇,1,OK,1
丰翼科技(深圳)有限公司,91440300MA5FA4QL2L,深圳市宝安区航城街道草围社区深圳机场航站四路1111号顺丰华南转运中心综合楼六层,深圳市,广东省深圳市宝安区航城街道草围街道新和社区航站四路1111号,广东省,深圳市,宝安区,440306,113.832804,22.620869,门址,1,OK,3
深圳联合飞机科技有限公司,914403003116581250,深圳市龙岗区园山街道大康社区联合飞机大厦2栋厂房101,深圳市,广东省深圳市龙岗区园山街道大康社区联合飞机大厦,广东省,深圳市,龙岗区,440307,114.235163,22.653903,兴趣点,1,OK,1
美团科技有限公司,91440300MA5G0YNU5T,深圳市龙华区民治街道北站社区汇隆商务中心2号楼1103,深圳市,广东省深圳市龙华区民治街道北站社区HBC汇隆中心2号楼,广东省,深圳市,龙华区,440309,114.032900,22.611134,门址,1,OK,1
顺丰科技有限公司,91440300687582704U,深圳市南山区学府路（以南）与白石路（以东）交汇处深圳市软件产业基地1栋B座6-13层,深圳市,,,,,,,,,0,CUQPS_HAS_EXCEEDED_THE_LIMIT,0
比亚迪股份有限公司,91440300192317458F,深圳市大鹏新区葵涌街道延安路一号,深圳市,广东省深圳市龙岗区葵涌街道延安路1-3号,广东省,深圳市,龙岗区,440307,114.435752,22.632647,门址,1,OK,3
华为技术有限公司,914403001922038216,深圳市龙岗区坂田华为总部办公楼,深圳市,广东省深圳市龙岗区,广东省,深圳市,龙岗区,440307,114.246884,22.720889,区县,1,OK,1
深圳市科卫泰实业发展有限公司,91440300279392266B,深圳市宝安区西乡鹤洲恒丰工业城C3栋二层,深圳市,广东省深圳市宝安区西乡镇鹤洲恒丰工业城c3栋,广东省,深圳市,宝安区,440306,113.868657,22.631012,门址,1,OK,1
深圳市好盈科技股份有限公司,914403007787549030,深圳市龙岗区宝龙街道宝龙社区诚信路8号亚森工业厂区4号厂房101-402,深圳市,广东省深圳市龙岗区宝龙街道宝龙社区诚信路8号亚森工业厂区4号,广东省,深圳市,龙岗区,440307,114.280694,22.684798,门址,1,OK,1
广州极飞科技股份有限公司,91440106593721849Y,广州市黄埔区新瑞路9号1号楼101房,广州市,广东省广州市黄埔区新瑞路9号,广东省,广州市,黄埔区,440112,113.480754,23.159317,门址,1,OK,2
广州中科云图智能科技有限公司,91440101MA59P95W94,广州市海珠区新港东路2429号五层518房（仅限办公）,广州市,广东省广州市海珠区新港东路2429号,广东省,广州市,海珠区,440105,113.399803,23.094168,门址,1,OK,2
广州亿航智能技术有限公司,91440106304742759X,广州市天河区思成路35号1单元801-110室,广州市,,,,,,,,,0,CUQPS_HAS_EXCEEDED_THE_LIMIT,0
广东汇天航空航天科技有限公司,91440101MA9W1BQA5Y,广州市天河区岑村丰庄大街8号8层801室,广州市,广东省广州市天河区岑村丰庄大街,广东省,广州市,天河区,440106,113.381784,23.159138,道路,1,OK,3
广东电网有限责任公司,91440000730486030B,广州市越秀区东风东路757号,广州市,广东省广州市越秀区东风东路757号,广东省,广州市,越秀区,440104,113.308520,23.132286,门址,1,OK,2
广东电网有限责任公司广州供电局,91440101734916755P,广州市天河区天河南二路2号,广州市,广东省广州市天河区天河南二路2号,广东省,广州市,天河区,440106,113.329518,23.131384,门址,1,OK,2
南方电网通用航空服务有限公司,91530000MA6MYLGN0A,广州市南沙区横沥镇明珠一街1号404房A207（仅限办公）,广州市,,,,,,,,,0,CUQPS_HAS_EXCEEDED_THE_LIMIT,0
广州市华科尔科技股份有限公司,91440115734926603P,广州市南沙区东涌镇太石工业区,广州市,广东省广州市南沙区东涌镇太石工业区,广东省,广州市,南沙区,440115,113.402701,22.890164,住宅区,1,OK,1
珠海市双捷科技有限公司,914404000684993620,珠海市香洲区福田路18号1栋1层103-257室（集中办公区）,珠海市,广东省珠海市香洲区福田路18号,广东省,珠海市,香洲区,440402,113.502710,22.292001,门址,1,OK,2
珠海紫燕无人飞行器有限公司,91440400304050613H,珠海市高新区唐家湾镇科技七路1号2栋101单元,珠海市,广东省珠海市香洲区唐家湾镇科技七路1号2栋,广东省,珠海市,香洲区,440402,113.561860,22.394240,小巷,1,OK,3
珠海安擎科技有限公司,91440402MA7F2J5E28,珠海市香洲区旅游路168号（梅溪商业广场B座）云溪谷数字产业园5层5-214（集中办公区）,珠海市,,,,,,,,,0,CUQPS_HAS_EXCEEDED_THE_LIMIT,0
佛山顺德光启尖端装备有限公司,91440606MA531XDX75,广东省佛山市顺德区杏坛镇顺业西路17号,佛山市,广东省佛山市顺德区杏坛镇顺业西路,广东省,佛山市,顺德区,440606,113.200811,22.754777,道路,1,OK,3
佛山市南海区大数据投资建设有限公司,91440605MA52DEJ91R,佛山市南海区桂城街道金科路6号粤港金融科技园1座二楼（住所申报）,佛山市,广东省佛山市南海区桂城街道住所申报,广东省,佛山市,南海区,440605,113.095075,23.062075,兴趣点,1,OK,2
广东电网有限责任公司东莞供电局,914419007385933083,广东省东莞市东城街道东城路东城段239号,东莞市,,,,,,,,,0,CUQPS_HAS_EXCEEDED_THE_LIMIT,0
南方电网电力科技股份有限公司,91440000190345797E,广州市越秀区西华路捶帽新街1-3号华业大厦附楼501-503室（不可作厂房使用）,广州市,广东省广州市越秀区西华路捶帽新街1-3号华业大厦,广东省,广州市,越秀区,440104,113.248567,23.131838,兴趣点,1,OK,2
哈瓦国际航空技术(深圳)有限公司,91440300319491403H,深圳市龙华新区观澜石马径社区新湖路28号A栋厂房1楼南侧、4楼A区及5楼,深圳市,广东省深圳市龙华区龙华新区观澜石马径新湖北街28号,广东省,深圳市,龙华区,440309,114.090797,22.714826,门址,1,OK,2
深城交科技集团股份有限公司,91440300671877217N,深圳市龙华区民治街道北站社区龙华设计产业园总部大厦1栋1101,深圳市,,,,,,,,,0,CUQPS_HAS_EXCEEDED_THE_LIMIT,0
亿航智能设备有限公司,91440116MA59AB9P0B,广州市黄埔区东江大道118号,广州市,,,,,,,,,0,CUQPS_HAS_EXCEEDED_THE_LIMIT,0
