申请号,专利名称,申请年份,申请人,主导申请人名称,当前权利人,专利表统一社会信用代码,建议匹配企业,建议匹配信用代码,建议匹配方式,人工复核原因
CN202411413992.0,智能督查系统和方法,2024,广东电网有限责任公司; 广东电网有限责任公司揭阳供电局,广东电网有限责任公司,广东电网有限责任公司; 广东电网有限责任公司揭阳供电局,91440000730486030B; 91445200190412515J,广东电网有限责任公司,91440000730486030B,名称精确匹配,多申请人；名称匹配建议复核；主导申请人与当前权利人不一致
CN202411344937.0,无人机的通信方法和装置、存储介质及电子设备,2024,广东电网有限责任公司; 广东电网有限责任公司湛江供电局,广东电网有限责任公司,广东电网有限责任公司; 广东电网有限责任公司湛江供电局,91440000730486030B; 91440803194383571C,广东电网有限责任公司,91440000730486030B,名称精确匹配,多申请人；名称匹配建议复核；主导申请人与当前权利人不一致
CN202410998248.5,设备的检测方法、系统、计算机存储介质及电子设备,2024,广东电网有限责任公司云浮供电局,广东电网有限责任公司云浮供电局,广东电网有限责任公司云浮供电局,91445302736165326Y,广东电网有限责任公司广州供电局,91440101734916755P,相似名称候选(标准名),未匹配到企业；存在高相似候选:0.867
CN202210372612.8,一种交桩点核查方法、系统、设备及存储介质,2022,广东电网有限责任公司; 广东电网有限责任公司韶关供电局,广东电网有限责任公司,广东电网有限责任公司; 广东电网有限责任公司韶关供电局,91440000730486030B; 914402001915260394,广东电网有限责任公司,91440000730486030B,名称精确匹配,多申请人；名称匹配建议复核；主导申请人与当前权利人不一致
CN202411567677.3,未知无人机信号识别方法、装置及电子设备,2024,广东电网有限责任公司; 广东电网有限责任公司惠州供电局,广东电网有限责任公司,广东电网有限责任公司; 广东电网有限责任公司惠州供电局,91440000730486030B; 91441300617890883M,广东电网有限责任公司,91440000730486030B,名称精确匹配,多申请人；名称匹配建议复核；主导申请人与当前权利人不一致
CN202411507740.4,一种无人机定位方法、装置、设备及存储介质,2024,广东电网有限责任公司; 广东电网有限责任公司惠州供电局,广东电网有限责任公司,广东电网有限责任公司; 广东电网有限责任公司惠州供电局,91440000730486030B; 91441300617890883M,广东电网有限责任公司,91440000730486030B,名称精确匹配,多申请人；名称匹配建议复核；主导申请人与当前权利人不一致
CN202411503635.3,一种应用于低空飞行的数据安全分析系统及方法,2024,深圳市智安托科技有限公司,深圳市智安托科技有限公司,深圳市智安托科技有限公司,91440300MA5G5QK30W,深圳市智源万联科技有限公司,91440300MADFQJH81G,相似名称候选(标准名),未匹配到企业；存在高相似候选:0.8
CN202411717690.2,无人机的位置信息确定方法、装置和可读存储介质,2024,广东电网有限责任公司; 广东电网有限责任公司中山供电局,广东电网有限责任公司,广东电网有限责任公司; 广东电网有限责任公司中山供电局,91440000730486030B; 9144200073755186X1,广东电网有限责任公司,91440000730486030B,名称精确匹配,多申请人；名称匹配建议复核；主导申请人与当前权利人不一致
CN202411729395.9,基于YOLO-Mamba融合模型的防坠落装置安装点位识别方法,2024,广东电网有限责任公司; 广东电网有限责任公司中山供电局,广东电网有限责任公司,广东电网有限责任公司; 广东电网有限责任公司中山供电局,91440000730486030B; 9144200073755186X1,广东电网有限责任公司,91440000730486030B,名称精确匹配,多申请人；名称匹配建议复核；主导申请人与当前权利人不一致
CN202411743203.X,无人机的控制方法、存储介质、处理器及电子装置,2024,广东电网有限责任公司; 广东电网有限责任公司中山供电局,广东电网有限责任公司,广东电网有限责任公司; 广东电网有限责任公司中山供电局,91440000730486030B; 9144200073755186X1,广东电网有限责任公司,91440000730486030B,名称精确匹配,多申请人；名称匹配建议复核；主导申请人与当前权利人不一致
CN202411744342.4,物联网辅助的变电站室内无人机导航控制系统、方法及电子设备,2024,广东电网有限责任公司; 广东电网有限责任公司中山供电局,广东电网有限责任公司,广东电网有限责任公司; 广东电网有限责任公司中山供电局,91440000730486030B; 9144200073755186X1,广东电网有限责任公司,91440000730486030B,名称精确匹配,多申请人；名称匹配建议复核；主导申请人与当前权利人不一致
CN202411729447.2,无人机自主避障路径规划方法、装置及存储介质,2024,广东电网有限责任公司; 广东电网有限责任公司中山供电局,广东电网有限责任公司,广东电网有限责任公司; 广东电网有限责任公司中山供电局,91440000730486030B; 9144200073755186X1,广东电网有限责任公司,91440000730486030B,名称精确匹配,多申请人；名称匹配建议复核；主导申请人与当前权利人不一致
CN202411729446.8,一种无人机的追踪定位方法及追踪定位装置,2024,广东电网有限责任公司; 广东电网有限责任公司中山供电局,广东电网有限责任公司,广东电网有限责任公司; 广东电网有限责任公司中山供电局,91440000730486030B; 9144200073755186X1,广东电网有限责任公司,91440000730486030B,名称精确匹配,多申请人；名称匹配建议复核；主导申请人与当前权利人不一致
CN202411916460.9,一种无人机图像优化方法、装置、终端设备及存储介质,2024,广东电网有限责任公司; 广东电网有限责任公司电力科学研究院,广东电网有限责任公司,广东电网有限责任公司; 广东电网有限责任公司电力科学研究院,91440000730486030B; 91440000890323118Q,广东电网有限责任公司,91440000730486030B,名称精确匹配,多申请人；名称匹配建议复核；主导申请人与当前权利人不一致
CN202411025008.3,无人机位置的确定方法、装置以及电子设备,2024,广东电网有限责任公司; 广东电网有限责任公司佛山供电局,广东电网有限责任公司,广东电网有限责任公司; 广东电网有限责任公司佛山供电局,91440000730486030B; 9144060073757157XN,广东电网有限责任公司,91440000730486030B,名称精确匹配,多申请人；名称匹配建议复核；主导申请人与当前权利人不一致
CN202411971515.6,基于张量化长短期记忆网络的无人机定位方法及相关装置,2024,广东电网有限责任公司; 广东电网有限责任公司惠州供电局,广东电网有限责任公司,广东电网有限责任公司; 广东电网有限责任公司惠州供电局,91440000730486030B; 91441300617890883M,广东电网有限责任公司,91440000730486030B,名称精确匹配,多申请人；名称匹配建议复核；主导申请人与当前权利人不一致
CN202411917901.7,基于无人机的电网室内巡视方法、装置及电子装置,2024,广东电网有限责任公司; 广东电网有限责任公司珠海供电局,广东电网有限责任公司,广东电网有限责任公司; 广东电网有限责任公司珠海供电局,91440000730486030B; 91440400736180497L,广东电网有限责任公司,91440000730486030B,名称精确匹配,多申请人；名称匹配建议复核；主导申请人与当前权利人不一致
CN202411883745.7,树障削尾装置的控制方法、电子设备和程序产品,2024,广东电网有限责任公司江门供电局; 广东电网有限责任公司,广东电网有限责任公司江门供电局,广东电网有限责任公司江门供电局; 广东电网有限责任公司,9144070361774339XT; 91440000730486030B,广东电网有限责任公司广州供电局,91440101734916755P,相似名称候选(标准名),多申请人；未匹配到企业；主导申请人与当前权利人不一致；存在高相似候选:0.867
CN202411912959.2,无人机投掷目标的确定方法、装置、设备及存储介质,2024,广东电网有限责任公司; 广东电网有限责任公司清远供电局,广东电网有限责任公司,广东电网有限责任公司; 广东电网有限责任公司清远供电局,91440000730486030B; 914418028975868503,广东电网有限责任公司,91440000730486030B,名称精确匹配,多申请人；名称匹配建议复核；主导申请人与当前权利人不一致
CN202411997680.9,一种基于图像去噪的压接管检测方法,2024,广东电网有限责任公司广州供电局; 南昌工程学院,广东电网有限责任公司广州供电局,广东电网有限责任公司广州供电局; 南昌工程学院,91440101734916755P; 12360000491018255D,广东电网有限责任公司广州供电局,91440101734916755P,名称精确匹配,多申请人；名称匹配建议复核；主导申请人与当前权利人不一致
CN202111630748.6,无人机多机协同作业管理方法、系统和可读存储介质,2021,广东电网有限责任公司; 广东电网有限责任公司肇庆供电局,广东电网有限责任公司,广东电网有限责任公司; 广东电网有限责任公司肇庆供电局,91440000730486030B; 914412001952813907,广东电网有限责任公司,91440000730486030B,名称精确匹配,多申请人；名称匹配建议复核；主导申请人与当前权利人不一致
CN202111633194.5,基于背景分类与迁移学习的绝缘子检测方法,2021,广东电网有限责任公司; 广东电网有限责任公司肇庆供电局,广东电网有限责任公司,广东电网有限责任公司; 广东电网有限责任公司肇庆供电局,91440000730486030B; 914412001952813907,广东电网有限责任公司,91440000730486030B,名称精确匹配,多申请人；名称匹配建议复核；主导申请人与当前权利人不一致
CN201911060737.1,目标检测方法、装置、存储介质及无人机,2019,深圳市道通智能航空技术有限公司,深圳市道通智能航空技术有限公司,深圳市道通智能航空技术股份有限公司,91440300306077254B,深圳市道通智能航空技术股份有限公司,91440300306077254B,当前权利人代码直连,主导申请人与当前权利人不一致
CN202411193852.7,一种基于无人机拍摄图像的配电网线路规划设计方法及系统,2024,广东电网有限责任公司揭阳惠来供电局; 达煌(广东)电力数字科技有限公司,广东电网有限责任公司揭阳惠来供电局,广东电网有限责任公司揭阳惠来供电局; 达煌(广东)电力数字科技有限公司,91445224MA55NHA65J; 91445224MAD05BWU7A,广东电网有限责任公司广州供电局,91440101734916755P,相似名称候选(标准名),多申请人；未匹配到企业；主导申请人与当前权利人不一致；存在高相似候选:0.812
CN202411622214.2,钢筋绑扎现场的无人机路径规划方法、装置与存储介质,2024,广东电网有限责任公司中山供电局,广东电网有限责任公司中山供电局,广东电网有限责任公司中山供电局,9144200073755186X1,广东电网有限责任公司广州供电局,91440101734916755P,相似名称候选(标准名),未匹配到企业；存在高相似候选:0.867
CN202211226112.X,一种无人机降落伞控制方法、装置、电子设备及存储介质,2022,广东电网有限责任公司; 广东电网有限责任公司东莞供电局,广东电网有限责任公司,广东电网有限责任公司; 广东电网有限责任公司东莞供电局,91440000730486030B; 914419007385933083,广东电网有限责任公司,91440000730486030B,名称精确匹配,多申请人；名称匹配建议复核；主导申请人与当前权利人不一致
CN202211248558.2,一种无人机自动巡视作业的控制方法、装置、设备及介质,2022,广东电网有限责任公司; 广东电网有限责任公司汕头供电局,广东电网有限责任公司,广东电网有限责任公司; 广东电网有限责任公司汕头供电局,91440000730486030B; 91440500192720503A,广东电网有限责任公司,91440000730486030B,名称精确匹配,多申请人；名称匹配建议复核；主导申请人与当前权利人不一致
CN202210906882.2,一种无人机控制方法、装置、电子设备及存储介质,2022,广东电网有限责任公司; 广东电网有限责任公司汕头供电局,广东电网有限责任公司,广东电网有限责任公司; 广东电网有限责任公司汕头供电局,91440000730486030B; 91440500192720503A,广东电网有限责任公司,91440000730486030B,名称精确匹配,多申请人；名称匹配建议复核；主导申请人与当前权利人不一致
CN202410719980.4,一种出入库管理方法、装置、电子设备和存储介质,2024,广东电网有限责任公司; 广东电网有限责任公司河源供电局,广东电网有限责任公司,广东电网有限责任公司; 广东电网有限责任公司河源供电局,91440000730486030B; 91441602196972652K,广东电网有限责任公司,91440000730486030B,名称精确匹配,多申请人；名称匹配建议复核；主导申请人与当前权利人不一致
CN201910696848.5,无人机降落区域的确定方法、装置、无人机和存储介质,2019,广州极飞科技有限公司,广州极飞科技有限公司,广州极飞科技股份有限公司,91440106593721849Y,广州极飞科技股份有限公司,91440106593721849Y,当前权利人代码直连,主导申请人与当前权利人不一致
CN202411239158.4,无人机激光清障机的控制方法及装置,2024,广东电网有限责任公司; 广东电网有限责任公司汕头供电局,广东电网有限责任公司,广东电网有限责任公司; 广东电网有限责任公司汕头供电局,91440000730486030B; 91440500192720503A,广东电网有限责任公司,91440000730486030B,名称精确匹配,多申请人；名称匹配建议复核；主导申请人与当前权利人不一致
CN202311753449.0,无人机的放电控制方法、装置、设备及存储介质,2023,深圳市智安新能源科技有限公司,深圳市智安新能源科技有限公司,深圳市智安新能源科技有限公司,91440300MA5GH5592D,深圳市智源万联科技有限公司,91440300MADFQJH81G,相似名称候选(标准名),未匹配到企业；存在高相似候选:0.815
CN202311804168.3,绝缘子内部缺陷检测方法和装置,2023,广州中科智巡科技有限公司,广州中科智巡科技有限公司,广州中科智巡科技有限公司,9144010130458229X5,广州中科云图智能科技有限公司,91440101MA59P95W94,相似名称候选(标准名),未匹配到企业；存在高相似候选:0.846
CN202311422474.0,一种无人机机巢位置确定方法、装置、设备和存储介质,2023,广东电网有限责任公司; 广东电网有限责任公司惠州供电局,广东电网有限责任公司,广东电网有限责任公司; 广东电网有限责任公司惠州供电局,91440000730486030B; 91441300617890883M,广东电网有限责任公司,91440000730486030B,名称精确匹配,多申请人；名称匹配建议复核；主导申请人与当前权利人不一致
CN202311210429.9,一种基于多源数据融合的杆塔三维重建方法及电子设备,2023,广东电网有限责任公司; 广东电网有限责任公司阳江供电局,广东电网有限责任公司,广东电网有限责任公司; 广东电网有限责任公司阳江供电局,91440000730486030B; 91441700722468027R,广东电网有限责任公司,91440000730486030B,名称精确匹配,多申请人；名称匹配建议复核；主导申请人与当前权利人不一致
CN202311344598.1,变电站设备的自动缺陷排查方法、装置、设备及存储介质,2023,广东电网有限责任公司; 广东电网有限责任公司梅州供电局,广东电网有限责任公司,广东电网有限责任公司; 广东电网有限责任公司梅州供电局,91440000730486030B; 914414000072087795,广东电网有限责任公司,91440000730486030B,名称精确匹配,多申请人；名称匹配建议复核；主导申请人与当前权利人不一致
CN202311609827.8,一种无人机业务进度的跟踪方法及相关装置,2023,广东电网有限责任公司; 广东电网有限责任公司佛山供电局,广东电网有限责任公司,广东电网有限责任公司; 广东电网有限责任公司佛山供电局,91440000730486030B; 9144060073757157XN,广东电网有限责任公司,91440000730486030B,名称精确匹配,多申请人；名称匹配建议复核；主导申请人与当前权利人不一致
CN202311719971.7,一种缺陷检测方法、装置、设备和存储介质,2023,广东电网有限责任公司; 广东电网有限责任公司韶关供电局,广东电网有限责任公司,广东电网有限责任公司; 广东电网有限责任公司韶关供电局,91440000730486030B; 914402001915260394,广东电网有限责任公司,91440000730486030B,名称精确匹配,多申请人；名称匹配建议复核；主导申请人与当前权利人不一致
CN202311518616.3,一种无人机飞鸟检测方法、系统、设备和介质,2023,广东电网有限责任公司; 广东电网有限责任公司阳江供电局,广东电网有限责任公司,广东电网有限责任公司; 广东电网有限责任公司阳江供电局,91440000730486030B; 91441700722468027R,广东电网有限责任公司,91440000730486030B,名称精确匹配,多申请人；名称匹配建议复核；主导申请人与当前权利人不一致
CN202311548805.5,一种电力杆塔建模图像采集控制方法、装置、终端及介质,2023,广东电网有限责任公司; 广东电网有限责任公司佛山供电局,广东电网有限责任公司,广东电网有限责任公司; 广东电网有限责任公司佛山供电局,91440000730486030B; 9144060073757157XN,广东电网有限责任公司,91440000730486030B,名称精确匹配,多申请人；名称匹配建议复核；主导申请人与当前权利人不一致
CN202311547405.2,无人机目标检测方法、装置、计算机设备、介质和产品,2023,南方电网通用航空服务有限公司,南方电网通用航空服务有限公司,南方电网通用航空服务有限公司; 广东电网有限责任公司肇庆供电局,91530000MA6MYLGN0A,南方电网通用航空服务有限公司,91530000MA6MYLGN0A,信用代码直连,主导申请人与当前权利人不一致
CN202311527180.4,一种配电网故障定位方法、装置、设备和可读存储介质,2023,广东电网有限责任公司云浮供电局; 南方电网科学研究院有限责任公司,广东电网有限责任公司云浮供电局,广东电网有限责任公司云浮供电局; 南方电网科学研究院有限责任公司,91445302736165326Y; 914400005645564342,广东电网有限责任公司广州供电局,91440101734916755P,相似名称候选(标准名),多申请人；未匹配到企业；主导申请人与当前权利人不一致；存在高相似候选:0.867
CN202311755212.6,一种用于复杂信号场的变电站无人机控制方法及相关装置,2023,广东电网有限责任公司; 广东电网有限责任公司中山供电局,广东电网有限责任公司,广东电网有限责任公司; 广东电网有限责任公司中山供电局,91440000730486030B; 9144200073755186X1,广东电网有限责任公司,91440000730486030B,名称精确匹配,多申请人；名称匹配建议复核；主导申请人与当前权利人不一致
CN202311755233.8,一种变电站室内无人机紧急避险路线选择方法及相关装置,2023,广东电网有限责任公司; 广东电网有限责任公司中山供电局,广东电网有限责任公司,广东电网有限责任公司; 广东电网有限责任公司中山供电局,91440000730486030B; 9144200073755186X1,广东电网有限责任公司,91440000730486030B,名称精确匹配,多申请人；名称匹配建议复核；主导申请人与当前权利人不一致
CN202311599382.X,一种基于移动便携机巢的多架无人机控制方法及系统,2023,广州中科智云科技有限公司,广州中科智云科技有限公司,广州中科智云科技有限公司,91440101MA5AK5454X,广州中科云图智能科技有限公司,91440101MA59P95W94,相似名称候选(标准名),未匹配到企业；存在高相似候选:0.846
CN202311676856.6,一种无人机回收方法、系统、设备和存储介质,2023,广东电网有限责任公司; 广东电网有限责任公司中山供电局,广东电网有限责任公司,广东电网有限责任公司; 广东电网有限责任公司中山供电局,91440000730486030B; 9144200073755186X1,广东电网有限责任公司,91440000730486030B,名称精确匹配,多申请人；名称匹配建议复核；主导申请人与当前权利人不一致
CN202311678629.7,一种基于单目配网机巡数据的外破检测方法及系统,2023,广东电网有限责任公司; 广东电网有限责任公司云浮供电局,广东电网有限责任公司,广东电网有限责任公司; 广东电网有限责任公司云浮供电局,91440000730486030B; 91445302736165326Y,广东电网有限责任公司,91440000730486030B,名称精确匹配,多申请人；名称匹配建议复核；主导申请人与当前权利人不一致
CN202410141452.5,供电导线的安全性确定方法、存储介质及电子设备,2024,广东电网有限责任公司; 广东电网有限责任公司肇庆供电局,广东电网有限责任公司,广东电网有限责任公司; 广东电网有限责任公司肇庆供电局,91440000730486030B; 914412001952813907,广东电网有限责任公司,91440000730486030B,名称精确匹配,多申请人；名称匹配建议复核；主导申请人与当前权利人不一致
CN202311834638.0,一种无人机群组网无人机集群作业系统,2023,广东电网有限责任公司肇庆供电局,广东电网有限责任公司肇庆供电局,广东电网有限责任公司肇庆供电局,914412001952813907,广东电网有限责任公司广州供电局,91440101734916755P,相似名称候选(标准名),未匹配到企业；存在高相似候选:0.867
CN202311688791.7,一种无人机通信混合组网集群控制系统,2023,广东电网有限责任公司肇庆供电局,广东电网有限责任公司肇庆供电局,广东电网有限责任公司肇庆供电局,914412001952813907,广东电网有限责任公司广州供电局,91440101734916755P,相似名称候选(标准名),未匹配到企业；存在高相似候选:0.867
CN202410192413.8,一种无人机悬停位置信息方法、装置、设备及存储介质,2024,广东电网有限责任公司; 广东电网有限责任公司汕尾供电局,广东电网有限责任公司,广东电网有限责任公司; 广东电网有限责任公司汕尾供电局,91440000730486030B; 9144150063284114XA,广东电网有限责任公司,91440000730486030B,名称精确匹配,多申请人；名称匹配建议复核；主导申请人与当前权利人不一致
CN202311767729.7,一种基于数字孪生的城市行道树承灾能力仿真模拟方法,2023,深圳市城市规划设计研究院股份有限公司,深圳市城市规划设计研究院股份有限公司,深圳市城市规划设计研究院股份有限公司,91440300670012414B,深城交科技集团股份有限公司,91440300671877217N,相似名称候选(专利申请人名),未匹配到企业；主导申请人为高校或科研机构；存在高相似候选:0.872
CN202410077407.8,一种基于人工智能的数据安全风险预警系统,2024,广东电网有限责任公司; 广东电网有限责任公司信息中心,广东电网有限责任公司,广东电网有限责任公司; 广东电网有限责任公司信息中心,91440000730486030B; 91440104693553264E,广东电网有限责任公司,91440000730486030B,名称精确匹配,多申请人；名称匹配建议复核；主导申请人与当前权利人不一致
CN202410315467.9,无人机巡检智能控制系统、无人机的控制方法和装置,2024,广东电网有限责任公司; 广东电网有限责任公司云浮供电局,广东电网有限责任公司,广东电网有限责任公司; 广东电网有限责任公司云浮供电局,91440000730486030B; 91445302736165326Y,广东电网有限责任公司,91440000730486030B,名称精确匹配,多申请人；名称匹配建议复核；主导申请人与当前权利人不一致
CN202410210462.X,无人机航点的规划方法、规划装置和电子设备,2024,广东电网有限责任公司; 广东电网有限责任公司云浮供电局,广东电网有限责任公司,广东电网有限责任公司; 广东电网有限责任公司云浮供电局,91440000730486030B; 91445302736165326Y,广东电网有限责任公司,91440000730486030B,名称精确匹配,多申请人；名称匹配建议复核；主导申请人与当前权利人不一致
CN202410357144.6,无人机避障方法、避障装置和无人机,2024,广东电网有限责任公司; 广东电网有限责任公司云浮供电局,广东电网有限责任公司,广东电网有限责任公司; 广东电网有限责任公司云浮供电局,91440000730486030B; 91445302736165326Y,广东电网有限责任公司,91440000730486030B,名称精确匹配,多申请人；名称匹配建议复核；主导申请人与当前权利人不一致
CN202410295931.2,一种基于红外图像的管道缺陷识别方法,2024,深圳联合飞机科技有限公司,深圳联合飞机科技有限公司,深圳中航智飞机装备有限公司,914403003116581250,深圳联合飞机科技有限公司,914403003116581250,信用代码直连,主导申请人与当前权利人不一致
CN202410416111.4,无人机数据采集方法、装置、电子设备、系统和存储介质,2024,广东电网有限责任公司; 广东电网有限责任公司清远供电局,广东电网有限责任公司,广东电网有限责任公司; 广东电网有限责任公司清远供电局,91440000730486030B; 914418028975868503,广东电网有限责任公司,91440000730486030B,名称精确匹配,多申请人；名称匹配建议复核；主导申请人与当前权利人不一致
CN202410388589.0,无人机航迹规划方法、装置、电子设备及存储介质,2024,广东电网有限责任公司; 广东电网有限责任公司惠州供电局,广东电网有限责任公司,广东电网有限责任公司; 广东电网有限责任公司惠州供电局,91440000730486030B; 91441300617890883M,广东电网有限责任公司,91440000730486030B,名称精确匹配,多申请人；名称匹配建议复核；主导申请人与当前权利人不一致
CN202410252876.9,一种基于无人机的激光发射器的准星标定方法及终端,2024,深圳市中联讯科技有限公司,深圳市中联讯科技有限公司,深圳市中联讯科技有限公司,91440300772714863C,深圳市中科瀚跃科技有限公司,91440300319535226J,相似名称候选(标准名),未匹配到企业；存在高相似候选:0.8
CN202410392831.1,一种金具锈蚀分割评估方法及装置,2024,广东电网有限责任公司; 广东电网有限责任公司电力科学研究院,广东电网有限责任公司,广东电网有限责任公司; 广东电网有限责任公司电力科学研究院,91440000730486030B; 91440000890323118Q,广东电网有限责任公司,91440000730486030B,名称精确匹配,多申请人；名称匹配建议复核；主导申请人与当前权利人不一致
CN202080033632.1,无人机的飞行控制方法和无人机,2020,深圳市大疆创新科技有限公司,深圳市大疆创新科技有限公司,深圳市大疆百旺科技有限公司,914403007954257495,深圳市大疆创新科技有限公司,914403007954257495,信用代码直连,主导申请人与当前权利人不一致
CN202310741335.8,一种基于卷积神经网络的电力杆塔验收状态感知方法,2023,广东电网有限责任公司汕尾供电局; 武汉大学,广东电网有限责任公司汕尾供电局,广东电网有限责任公司汕尾供电局; 武汉大学,9144150063284114XA; 12100000707137123P,广东电网有限责任公司广州供电局,91440101734916755P,相似名称候选(标准名),多申请人；未匹配到企业；主导申请人与当前权利人不一致；存在高相似候选:0.867
CN202010842822.X,变电站立体化安全监控方法、装置，服务器及存储介质,2020,广东电网有限责任公司清远供电局,广东电网有限责任公司清远供电局,广东电网有限责任公司清远供电局,914418028975868503,广东电网有限责任公司广州供电局,91440101734916755P,相似名称候选(标准名),未匹配到企业；存在高相似候选:0.867
CN202011280748.3,一种无人机自动避障导线的方法及系统,2020,广东电网有限责任公司肇庆供电局,广东电网有限责任公司肇庆供电局,广东电网有限责任公司肇庆供电局,914412001952813907,广东电网有限责任公司广州供电局,91440101734916755P,相似名称候选(标准名),未匹配到企业；存在高相似候选:0.867
CN202110909513.4,一种基于多旋翼无人机的图像识别方法及装置,2021,广州中科智云科技有限公司,广州中科智云科技有限公司,广州中科智云科技有限公司,91440101MA5AK5454X,广州中科云图智能科技有限公司,91440101MA59P95W94,相似名称候选(标准名),未匹配到企业；存在高相似候选:0.846
CN202080004875.2,无人机下降的控制方法和装置、无人机,2020,深圳市大疆创新科技有限公司,深圳市大疆创新科技有限公司,深圳市大疆百旺科技有限公司,914403007954257495,深圳市大疆创新科技有限公司,914403007954257495,信用代码直连,主导申请人与当前权利人不一致
CN202311259360.9,一种启发式快速探索随机树的电力杆塔三维航线规划方法,2023,广东电网有限责任公司汕尾供电局,广东电网有限责任公司汕尾供电局,广东电网有限责任公司汕尾供电局,9144150063284114XA,广东电网有限责任公司广州供电局,91440101734916755P,相似名称候选(标准名),未匹配到企业；存在高相似候选:0.867
CN202110020541.0,一种无人机避障方法和装置,2021,深圳市智胜联合科技有限公司,深圳市智胜联合科技有限公司,深圳市智胜联合科技有限公司,91440300MA5H170D2A,深圳市智源万联科技有限公司,91440300MADFQJH81G,相似名称候选(标准名),未匹配到企业；存在高相似候选:0.846
CN202011401276.2,一种基于图像识别的无人机自动评分系统及方法,2020,广东电网有限责任公司湛江供电局,广东电网有限责任公司湛江供电局,广东电网有限责任公司湛江供电局,91440803194383571C,广东电网有限责任公司广州供电局,91440101734916755P,相似名称候选(标准名),未匹配到企业；存在高相似候选:0.867
CN202010961565.1,一种利用空地融合真三维场景对线路施工监督的方法,2020,广东电网有限责任公司江门供电局,广东电网有限责任公司江门供电局,广东电网有限责任公司江门供电局,9144070361774339XT,广东电网有限责任公司广州供电局,91440101734916755P,相似名称候选(标准名),未匹配到企业；存在高相似候选:0.867
CN202410496268.2,一种换流站专用无人机智能导航与摄像系统,2024,广州中科智云科技有限公司,广州中科智云科技有限公司,广州中科智云科技有限公司,91440101MA5AK5454X,广州中科云图智能科技有限公司,91440101MA59P95W94,相似名称候选(标准名),未匹配到企业；存在高相似候选:0.846
CN202110901495.5,一种航拍图像的绝缘子缺陷检测方法及装置,2021,广东电网有限责任公司; 广东电网有限责任公司肇庆供电局,广东电网有限责任公司,广东电网有限责任公司; 广东电网有限责任公司肇庆供电局,91440000730486030B; 914412001952813907,广东电网有限责任公司,91440000730486030B,名称精确匹配,多申请人；名称匹配建议复核；主导申请人与当前权利人不一致
CN202011025674.9,高压线行树障风险点的检测方法、装置、设备及介质,2020,广东电网有限责任公司韶关供电局,广东电网有限责任公司韶关供电局,广东电网有限责任公司韶关供电局,914402001915260394,广东电网有限责任公司广州供电局,91440101734916755P,相似名称候选(标准名),未匹配到企业；存在高相似候选:0.867
CN202110972413.6,变电站的三维建模方法和装置,2021,广东电网有限责任公司; 广东电网有限责任公司汕头供电局,广东电网有限责任公司,广东电网有限责任公司; 广东电网有限责任公司汕头供电局,91440000730486030B; 91440500192720503A,广东电网有限责任公司,91440000730486030B,名称精确匹配,多申请人；名称匹配建议复核；主导申请人与当前权利人不一致
CN202011467427.4,无人机坠机检测方法、系统、装置、无人机和存储介质,2020,广东电网有限责任公司佛山供电局; 南方电网数字电网研究院有限公司,广东电网有限责任公司佛山供电局,南方电网数字电网科技(广东)有限公司,9144060073757157XN; 91440000MA4WCUGX22,广东电网有限责任公司广州供电局,91440101734916755P,相似名称候选(标准名),多申请人；未匹配到企业；主导申请人与当前权利人不一致；存在高相似候选:0.867
CN202111630746.7,无人机架空线路巡检协同控制方法、系统和存储介质,2021,广东电网有限责任公司; 广东电网有限责任公司肇庆供电局,广东电网有限责任公司,广东电网有限责任公司; 广东电网有限责任公司肇庆供电局,91440000730486030B; 914412001952813907,广东电网有限责任公司,91440000730486030B,名称精确匹配,多申请人；名称匹配建议复核；主导申请人与当前权利人不一致
CN202211303784.6,一种基于配电网环境的多无人机路径规划方法及相关装置,2022,广东电网有限责任公司云浮供电局; 南方电网科学研究院有限责任公司,广东电网有限责任公司云浮供电局,广东电网有限责任公司云浮供电局; 南方电网科学研究院有限责任公司,91445302736165326Y; 914400005645564342,广东电网有限责任公司广州供电局,91440101734916755P,相似名称候选(标准名),多申请人；未匹配到企业；主导申请人与当前权利人不一致；存在高相似候选:0.867
CN202010088731.1,一种路径规划方法及相关设备,2020,华为技术有限公司,华为技术有限公司,深圳引望智能技术有限公司,914403001922038216,华为技术有限公司,914403001922038216,信用代码直连,主导申请人与当前权利人不一致
CN202110903217.3,电力设备的缺陷识别方法、装置、计算机设备和存储介质,2021,广东电网有限责任公司佛山供电局; 南方电网数字电网研究院有限公司,广东电网有限责任公司佛山供电局,南方电网数字电网科技(广东)有限公司,9144060073757157XN; 91440000MA4WCUGX22,广东电网有限责任公司广州供电局,91440101734916755P,相似名称候选(标准名),多申请人；未匹配到企业；主导申请人与当前权利人不一致；存在高相似候选:0.867
CN201811309875.4,无人机监控系统和电力场所监控系统,2018,广东电网有限责任公司; 广东电网有限责任公司惠州供电局,广东电网有限责任公司,广东电网有限责任公司; 广东电网有限责任公司惠州供电局,91440000730486030B; 91441300617890883M,广东电网有限责任公司,91440000730486030B,名称精确匹配,多申请人；名称匹配建议复核；主导申请人与当前权利人不一致
CN202411053007.X,一种基于激光雷达点云的无辅助数据电力档段自动分离方法,2024,广东电网有限责任公司江门供电局,广东电网有限责任公司江门供电局,广东电网有限责任公司江门供电局,9144070361774339XT,广东电网有限责任公司广州供电局,91440101734916755P,相似名称候选(标准名),未匹配到企业；存在高相似候选:0.867
CN202410923849.X,一种无人机非法闯入检测系统、方法及计算机设备,2024,深圳市城市交通规划设计研究中心股份有限公司; 深圳市宝安设计集团有限公司,深圳市城市交通规划设计研究中心股份有限公司,深圳市城市交通规划设计研究中心股份有限公司; 深圳市宝安设计集团有限公司,91440300671877217N; 91440300192489356T,深城交科技集团股份有限公司,91440300671877217N,名称精确匹配,多申请人；名称匹配建议复核；主导申请人与当前权利人不一致
CN202410875884.9,基于倾斜摄影和三维激光扫描的不动产数据处理系统及其方法,2024,广东新禾道信息科技有限公司,广东新禾道信息科技有限公司,广东新禾智慧数字科技有限公司,914401065937484197,广东新禾智慧数字科技有限公司,914401065937484197,当前权利人代码直连,主导申请人与当前权利人不一致
CN202410540778.5,一种与司空系统对接的配电网监控方法和系统,2024,广东电网有限责任公司云浮供电局,广东电网有限责任公司云浮供电局,广东电网有限责任公司云浮供电局,91445302736165326Y,广东电网有限责任公司广州供电局,91440101734916755P,相似名称候选(标准名),未匹配到企业；存在高相似候选:0.867
CN202410374982.4,无人机巡视计划的处理方法、装置、设备及存储介质,2024,广东电网有限责任公司; 广东电网有限责任公司梅州供电局,广东电网有限责任公司,广东电网有限责任公司; 广东电网有限责任公司梅州供电局,91440000730486030B; 914414000072087795,广东电网有限责任公司,91440000730486030B,名称精确匹配,多申请人；名称匹配建议复核；主导申请人与当前权利人不一致
CN202410379940.X,基于动态障碍物感知的智能绕障控制方法、装置与无人机,2024,广东电网有限责任公司; 广东电网有限责任公司云浮供电局,广东电网有限责任公司,广东电网有限责任公司; 广东电网有限责任公司云浮供电局,91440000730486030B; 91445302736165326Y,广东电网有限责任公司,91440000730486030B,名称精确匹配,多申请人；名称匹配建议复核；主导申请人与当前权利人不一致
CN202410618726.5,无人机的路径规划方法、装置、存储介质和电子装置,2024,广东电网有限责任公司江门供电局; 广东电网有限责任公司,广东电网有限责任公司江门供电局,广东电网有限责任公司江门供电局; 广东电网有限责任公司,9144070361774339XT; 91440000730486030B,广东电网有限责任公司广州供电局,91440101734916755P,相似名称候选(标准名),多申请人；未匹配到企业；主导申请人与当前权利人不一致；存在高相似候选:0.867
CN202410373206.2,一种基于无人机巡航的设备沉降监测方法、系统、装置、设备及介质,2024,广东电网有限责任公司; 广东电网有限责任公司梅州供电局,广东电网有限责任公司,广东电网有限责任公司; 广东电网有限责任公司梅州供电局,91440000730486030B; 914414000072087795,广东电网有限责任公司,91440000730486030B,名称精确匹配,多申请人；名称匹配建议复核；主导申请人与当前权利人不一致
CN202410681333.9,一种无人机双目相机的自标定方法及装置,2024,深圳联合飞机科技有限公司,深圳联合飞机科技有限公司,深圳中航智飞机装备有限公司,914403003116581250,深圳联合飞机科技有限公司,914403003116581250,信用代码直连,主导申请人与当前权利人不一致
CN202410811432.4,一种边缘设备管理系统、管理方法及设备,2024,广东电网有限责任公司; 广东电网有限责任公司韶关供电局,广东电网有限责任公司,广东电网有限责任公司; 广东电网有限责任公司韶关供电局,91440000730486030B; 914402001915260394,广东电网有限责任公司,91440000730486030B,名称精确匹配,多申请人；名称匹配建议复核；主导申请人与当前权利人不一致
CN202410648703.9,无人机的导航信号干扰预警系统、方法及存储介质,2024,广东电网有限责任公司; 广东电网有限责任公司湛江供电局,广东电网有限责任公司,广东电网有限责任公司; 广东电网有限责任公司湛江供电局,91440000730486030B; 91440803194383571C,广东电网有限责任公司,91440000730486030B,名称精确匹配,多申请人；名称匹配建议复核；主导申请人与当前权利人不一致
CN202410862806.5,无人机的控制方法和装置、存储介质及电子设备,2024,广东电网有限责任公司; 广东电网有限责任公司湛江供电局,广东电网有限责任公司,广东电网有限责任公司; 广东电网有限责任公司湛江供电局,91440000730486030B; 91440803194383571C,广东电网有限责任公司,91440000730486030B,名称精确匹配,多申请人；名称匹配建议复核；主导申请人与当前权利人不一致
CN202410835308.1,一种线路振动参数测量方法、装置、设备和存储介质,2024,广东电网有限责任公司; 广东电网有限责任公司汕头供电局,广东电网有限责任公司,广东电网有限责任公司; 广东电网有限责任公司汕头供电局,91440000730486030B; 91440500192720503A,广东电网有限责任公司,91440000730486030B,名称精确匹配,多申请人；名称匹配建议复核；主导申请人与当前权利人不一致
CN202410957250.8,一种无人机避障方法、装置及电子设备,2024,广东电网有限责任公司; 广东电网有限责任公司韶关供电局,广东电网有限责任公司,广东电网有限责任公司; 广东电网有限责任公司韶关供电局,91440000730486030B; 914402001915260394,广东电网有限责任公司,91440000730486030B,名称精确匹配,多申请人；名称匹配建议复核；主导申请人与当前权利人不一致
CN202411066452.X,无人机的路径规划方法、装置和计算机程序产品,2024,广东电网有限责任公司云浮供电局,广东电网有限责任公司云浮供电局,广东电网有限责任公司云浮供电局,91445302736165326Y,广东电网有限责任公司广州供电局,91440101734916755P,相似名称候选(标准名),未匹配到企业；存在高相似候选:0.867
CN202411157083.5,一种草地面积测量系统,2024,广东电网有限责任公司; 广东电网有限责任公司东莞供电局,广东电网有限责任公司,广东电网有限责任公司; 广东电网有限责任公司东莞供电局,91440000730486030B; 914419007385933083,广东电网有限责任公司,91440000730486030B,名称精确匹配,多申请人；名称匹配建议复核；主导申请人与当前权利人不一致
CN202411087080.9,线路检测方法、装置、存储介质及计算机程序产品,2024,广东电网有限责任公司茂名供电局,广东电网有限责任公司茂名供电局,广东电网有限责任公司茂名供电局,914409021949241474,广东电网有限责任公司广州供电局,91440101734916755P,相似名称候选(标准名),未匹配到企业；存在高相似候选:0.867
CN202411025027.6,多模态特征融合的电网设备检测方法、装置和电子设备,2024,广东电网有限责任公司云浮供电局,广东电网有限责任公司云浮供电局,广东电网有限责任公司云浮供电局,91445302736165326Y,广东电网有限责任公司广州供电局,91440101734916755P,相似名称候选(标准名),未匹配到企业；存在高相似候选:0.867
CN202410989663.4,一种计算任务调度方法、装置、终端设备及存储介质,2024,广东电网有限责任公司; 广东电网有限责任公司电力调度控制中心,广东电网有限责任公司,广东电网有限责任公司; 广东电网有限责任公司电力调度控制中心,91440000730486030B; 91440104617404881F,广东电网有限责任公司,91440000730486030B,名称精确匹配,多申请人；名称匹配建议复核；主导申请人与当前权利人不一致
CN202411244004.4,基于位姿信息的三维点云地图生成方法及装置,2024,广东电网有限责任公司; 广东电网有限责任公司佛山供电局,广东电网有限责任公司,广东电网有限责任公司; 广东电网有限责任公司佛山供电局,91440000730486030B; 9144060073757157XN,广东电网有限责任公司,91440000730486030B,名称精确匹配,多申请人；名称匹配建议复核；主导申请人与当前权利人不一致
CN202411353399.1,一种无人机故障检测方法、装置、设备及介质,2024,广东电网有限责任公司; 广东电网有限责任公司梅州供电局,广东电网有限责任公司,广东电网有限责任公司; 广东电网有限责任公司梅州供电局,91440000730486030B; 914414000072087795,广东电网有限责任公司,91440000730486030B,名称精确匹配,多申请人；名称匹配建议复核；主导申请人与当前权利人不一致
CN202411413163.2,一种具备RTK精准定位功能的无人机机载控制方法及系统,2024,广州中科智云科技有限公司,广州中科智云科技有限公司,广州中科智云科技有限公司,91440101MA5AK5454X,广州中科云图智能科技有限公司,91440101MA59P95W94,相似名称候选(标准名),未匹配到企业；存在高相似候选:0.846
CN202411494052.9,一种供电管理系统、方法及系留无人机,2024,广东电网有限责任公司; 广东电网有限责任公司清远供电局,广东电网有限责任公司,广东电网有限责任公司; 广东电网有限责任公司清远供电局,91440000730486030B; 914418028975868503,广东电网有限责任公司,91440000730486030B,名称精确匹配,多申请人；名称匹配建议复核；主导申请人与当前权利人不一致
CN202310474106.4,面向无人机巡检的电力物联网信任度分析方法及相关装置,2023,广东电网有限责任公司; 广东电网有限责任公司中山供电局,广东电网有限责任公司,广东电网有限责任公司; 广东电网有限责任公司中山供电局,91440000730486030B; 9144200073755186X1,广东电网有限责任公司,91440000730486030B,名称精确匹配,多申请人；名称匹配建议复核；主导申请人与当前权利人不一致
CN202411917837.2,航空飞行装置,2024,广东电网有限责任公司; 广东电网有限责任公司肇庆供电局,广东电网有限责任公司,广东电网有限责任公司; 广东电网有限责任公司肇庆供电局,91440000730486030B; 914412001952813907,广东电网有限责任公司,91440000730486030B,名称精确匹配,多申请人；名称匹配建议复核；主导申请人与当前权利人不一致
CN202411770997.9,一种系留无人机辅助控制系统、方法、装置、设备及存储介质,2024,广东电网有限责任公司; 广东电网有限责任公司惠州供电局,广东电网有限责任公司,广东电网有限责任公司; 广东电网有限责任公司惠州供电局,91440000730486030B; 91441300617890883M,广东电网有限责任公司,91440000730486030B,名称精确匹配,多申请人；名称匹配建议复核；主导申请人与当前权利人不一致
CN202411665053.5,一种钠离子卤化物固态电解质复合膜材料及其制备方法与应用,2024,广东电网有限责任公司; 广东电网有限责任公司电力科学研究院; 广东新型储能国家研究院有限公司,广东电网有限责任公司,广东电网有限责任公司; 广东电网有限责任公司电力科学研究院; 广东新型储能国家研究院有限公司,91440000730486030B; 91440000890323118Q; 91440112MACFHGQ47X,广东电网有限责任公司,91440000730486030B,名称精确匹配,多申请人；名称匹配建议复核；主导申请人与当前权利人不一致
CN202411743289.6,更换无人机电池的机械臂以及无人机停放装置,2024,广东电网有限责任公司云浮供电局,广东电网有限责任公司云浮供电局,广东电网有限责任公司云浮供电局,91445302736165326Y,广东电网有限责任公司广州供电局,91440101734916755P,相似名称候选(标准名),未匹配到企业；存在高相似候选:0.867
CN202411866175.0,一种电力巡检机器人自动充电装置,2024,广东电网有限责任公司; 广东电网有限责任公司电力科学研究院,广东电网有限责任公司,广东电网有限责任公司; 广东电网有限责任公司电力科学研究院,91440000730486030B; 91440000890323118Q,广东电网有限责任公司,91440000730486030B,名称精确匹配,多申请人；名称匹配建议复核；主导申请人与当前权利人不一致
CN202410423628.6,救灾现场通讯系统及工作方法,2024,广东电网有限责任公司茂名供电局,广东电网有限责任公司茂名供电局,广东电网有限责任公司茂名供电局,914409021949241474,广东电网有限责任公司广州供电局,91440101734916755P,相似名称候选(标准名),未匹配到企业；存在高相似候选:0.867
CN202410967681.2,一种微型基站组的安装信息确定方法和微型基站控制系统,2024,广东电网有限责任公司; 广东电网有限责任公司梅州供电局,广东电网有限责任公司,广东电网有限责任公司; 广东电网有限责任公司梅州供电局,91440000730486030B; 914414000072087795,广东电网有限责任公司,91440000730486030B,名称精确匹配,多申请人；名称匹配建议复核；主导申请人与当前权利人不一致
CN202311381432.7,一种光储充无线充电平台装置,2023,深圳市雷铭科技发展有限公司,深圳市雷铭科技发展有限公司,深圳市雷铭科技发展有限公司,91440300767585470J,深圳市大疆灵眸科技有限公司,914403000589938852,相似名称候选(曾用名),未匹配到企业；存在高相似候选:0.833
CN202311798403.0,一种移动自组网部署方法、装置、设备和介质,2023,广东电网有限责任公司; 广东电网有限责任公司茂名供电局,广东电网有限责任公司,广东电网有限责任公司; 广东电网有限责任公司茂名供电局,91440000730486030B; 914409021949241474,广东电网有限责任公司,91440000730486030B,名称精确匹配,多申请人；名称匹配建议复核；主导申请人与当前权利人不一致
CN202311833522.5,一种应急无线链路系统的连接方法和装置,2023,广东电网有限责任公司; 广东电网有限责任公司茂名供电局,广东电网有限责任公司,广东电网有限责任公司; 广东电网有限责任公司茂名供电局,91440000730486030B; 914409021949241474,广东电网有限责任公司,91440000730486030B,名称精确匹配,多申请人；名称匹配建议复核；主导申请人与当前权利人不一致
CN202311703483.7,一种应用于无人机集群巡检系统与在线监测系统,2023,广东电网有限责任公司肇庆供电局,广东电网有限责任公司肇庆供电局,广东电网有限责任公司肇庆供电局,914412001952813907,广东电网有限责任公司广州供电局,91440101734916755P,相似名称候选(标准名),未匹配到企业；存在高相似候选:0.867
CN202311688720.7,混合组网软硬件集成与移动设备数据交互设计和测试系统,2023,广东电网有限责任公司肇庆供电局,广东电网有限责任公司肇庆供电局,广东电网有限责任公司肇庆供电局,914412001952813907,广东电网有限责任公司广州供电局,91440101734916755P,相似名称候选(标准名),未匹配到企业；存在高相似候选:0.867
CN202311835208.0,一种基于混合组网通信的在线监测数据融合技术,2023,广东电网有限责任公司肇庆供电局,广东电网有限责任公司肇庆供电局,广东电网有限责任公司肇庆供电局,914412001952813907,广东电网有限责任公司广州供电局,91440101734916755P,相似名称候选(标准名),未匹配到企业；存在高相似候选:0.867
CN201910440488.2,一种太阳能无人机自动充电屋,2019,广东电网有限责任公司; 广东电网有限责任公司东莞供电局,广东电网有限责任公司,广东电网有限责任公司; 广东电网有限责任公司东莞供电局,91440000730486030B; 914419007385933083,广东电网有限责任公司,91440000730486030B,名称精确匹配,多申请人；名称匹配建议复核；主导申请人与当前权利人不一致
CN202211145003.5,一种基于无人机、云平台与AR眼镜互联的智慧消防系统,2022,珠海安擎科技有限公司,珠海安擎科技有限公司,北京安擎智飞科技有限公司,91440402MA7F2J5E28,珠海安擎科技有限公司,91440402MA7F2J5E28,信用代码直连,主导申请人与当前权利人不一致
CN202080081314.2,无人机丢失认证方法和系统、终端设备及遥控设备,2020,深圳市大疆创新科技有限公司,深圳市大疆创新科技有限公司,深圳市大疆百旺科技有限公司,914403007954257495,深圳市大疆创新科技有限公司,914403007954257495,信用代码直连,主导申请人与当前权利人不一致
CN202010054064.5,一种电力巡线无人机及其在线充电方法,2020,广东电网有限责任公司; 广东电网有限责任公司东莞供电局,广东电网有限责任公司,广东电网有限责任公司; 广东电网有限责任公司东莞供电局,91440000730486030B; 914419007385933083,广东电网有限责任公司,91440000730486030B,名称精确匹配,多申请人；名称匹配建议复核；主导申请人与当前权利人不一致
CN202211045109.8,一种基于北斗时空数据感知的电力巡检数据同步系统,2022,广东电网有限责任公司; 广东电网有限责任公司电力调度控制中心,广东电网有限责任公司,广东电网有限责任公司; 广东电网有限责任公司电力调度控制中心,91440000730486030B; 91440104617404881F,广东电网有限责任公司,91440000730486030B,名称精确匹配,多申请人；名称匹配建议复核；主导申请人与当前权利人不一致
CN202410553517.7,一种飞行器检测方法、装置、设备和存储介质,2024,广东电网有限责任公司; 广东电网有限责任公司惠州供电局,广东电网有限责任公司,广东电网有限责任公司; 广东电网有限责任公司惠州供电局,91440000730486030B; 91441300617890883M,广东电网有限责任公司,91440000730486030B,名称精确匹配,多申请人；名称匹配建议复核；主导申请人与当前权利人不一致
CN202410811104.4,一种电力设备监控系统及方法,2024,广东电网有限责任公司; 广东电网有限责任公司韶关供电局,广东电网有限责任公司,广东电网有限责任公司; 广东电网有限责任公司韶关供电局,91440000730486030B; 914402001915260394,广东电网有限责任公司,91440000730486030B,名称精确匹配,多申请人；名称匹配建议复核；主导申请人与当前权利人不一致
CN202410707961.X,一种光纤卷绕机构、防电子干扰无人飞行器,2024,深圳联合飞机科技有限公司,深圳联合飞机科技有限公司,深圳中航智飞机装备有限公司,914403003116581250,深圳联合飞机科技有限公司,914403003116581250,信用代码直连,主导申请人与当前权利人不一致
CN202410673756.6,一种云边端协同一体化的机载智能吊舱平台及控制方法,2024,广东电网有限责任公司信息中心,广东电网有限责任公司信息中心,广东电网有限责任公司信息中心,91440104693553264E,广东电网有限责任公司,91440000730486030B,相似名称候选(标准名),未匹配到企业；存在高相似候选:0.833
CN202411591622.6,一种无人机充电设备,2024,广东电网有限责任公司; 广东电网有限责任公司东莞供电局,广东电网有限责任公司,广东电网有限责任公司; 广东电网有限责任公司东莞供电局,91440000730486030B; 914419007385933083,广东电网有限责任公司,91440000730486030B,名称精确匹配,多申请人；名称匹配建议复核；主导申请人与当前权利人不一致
CN202411670070.8,高压线旁树枝切割装置,2024,广东电网有限责任公司; 广东电网有限责任公司汕头供电局,广东电网有限责任公司,广东电网有限责任公司; 广东电网有限责任公司汕头供电局,91440000730486030B; 91440500192720503A,广东电网有限责任公司,91440000730486030B,名称精确匹配,多申请人；名称匹配建议复核；主导申请人与当前权利人不一致
CN202411657317.2,无人机,2024,广东电网有限责任公司; 广东电网有限责任公司肇庆供电局,广东电网有限责任公司,广东电网有限责任公司; 广东电网有限责任公司肇庆供电局,91440000730486030B; 914412001952813907,广东电网有限责任公司,91440000730486030B,名称精确匹配,多申请人；名称匹配建议复核；主导申请人与当前权利人不一致
CN202411569564.7,无人机的接地装置及无人机,2024,广东电网有限责任公司; 广东电网有限责任公司湛江供电局,广东电网有限责任公司,广东电网有限责任公司; 广东电网有限责任公司湛江供电局,91440000730486030B; 91440803194383571C,广东电网有限责任公司,91440000730486030B,名称精确匹配,多申请人；名称匹配建议复核；主导申请人与当前权利人不一致
CN202410428856.2,一种用于辅助电线架设安装引绳的无人机防撞方法,2024,广东电网有限责任公司揭阳供电局; 广东电网有限责任公司揭阳惠来供电局; 广东中毅电力建设有限公司,广东电网有限责任公司揭阳供电局,广东电网有限责任公司揭阳供电局; 广东电网有限责任公司揭阳惠来供电局; 广东中毅电力建设有限公司,91445200190412515J; ;,广东电网有限责任公司广州供电局,91440101734916755P,相似名称候选(标准名),多申请人；未匹配到企业；主导申请人与当前权利人不一致；存在高相似候选:0.867
CN201710939715.7,一种无人飞行器,2017,深圳市道通智能航空技术股份有限公司,深圳市道通智能航空技术股份有限公司,广州市道义和谐科技发展有限公司,91440300306077254B,深圳市道通智能航空技术股份有限公司,91440300306077254B,信用代码直连,主导申请人与当前权利人不一致
CN202210406034.5,毫米波雷达和无人飞行器,2022,深圳市道通科技股份有限公司,深圳市道通科技股份有限公司,深圳市道通科技股份有限公司,91440300767550462C,深圳市道通智能航空技术股份有限公司,91440300306077254B,相似名称候选(标准名),未匹配到企业；存在高相似候选:0.8
CN202411921782.2,电力巡检无人机及控制方法,2024,南方电网通用航空服务有限公司; 南方电网产业投资集团有限责任公司,南方电网通用航空服务有限公司,南方电网通用航空服务有限公司; 南方电网产业投资集团有限责任公司,91530000MA6MYLGN0A; 91440101MA5CHUQD39,南方电网通用航空服务有限公司,91530000MA6MYLGN0A,名称精确匹配,多申请人；名称匹配建议复核；主导申请人与当前权利人不一致
CN202411897568.8,树障修剪无人机,2024,南方电网通用航空服务有限公司; 南方电网产业投资集团有限责任公司,南方电网通用航空服务有限公司,南方电网通用航空服务有限公司; 南方电网产业投资集团有限责任公司,91530000MA6MYLGN0A; 91440101MA5CHUQD39,南方电网通用航空服务有限公司,91530000MA6MYLGN0A,名称精确匹配,多申请人；名称匹配建议复核；主导申请人与当前权利人不一致
CN202411901646.7,无人机的动力装置及无人机,2024,南方电网通用航空服务有限公司; 南方电网产业投资集团有限责任公司,南方电网通用航空服务有限公司,南方电网通用航空服务有限公司; 南方电网产业投资集团有限责任公司,91530000MA6MYLGN0A; 91440101MA5CHUQD39,南方电网通用航空服务有限公司,91530000MA6MYLGN0A,名称精确匹配,多申请人；名称匹配建议复核；主导申请人与当前权利人不一致
CN202411927218.1,一种具备天通数据传导网络的户外高空电缆检测装置,2024,广东电网有限责任公司; 广东电网有限责任公司梅州供电局,广东电网有限责任公司,广东电网有限责任公司; 广东电网有限责任公司梅州供电局,91440000730486030B; 914414000072087795,广东电网有限责任公司,91440000730486030B,名称精确匹配,多申请人；名称匹配建议复核；主导申请人与当前权利人不一致
CN202411973590.6,一种输电线清障系统及方法,2024,广东电网有限责任公司; 广东电网有限责任公司东莞供电局,广东电网有限责任公司,广东电网有限责任公司; 广东电网有限责任公司东莞供电局,91440000730486030B; 914419007385933083,广东电网有限责任公司,91440000730486030B,名称精确匹配,多申请人；名称匹配建议复核；主导申请人与当前权利人不一致
CN202411929424.6,巡检机器人,2024,广东电网有限责任公司; 广东电网有限责任公司湛江供电局,广东电网有限责任公司,广东电网有限责任公司; 广东电网有限责任公司湛江供电局,91440000730486030B; 91440803194383571C,广东电网有限责任公司,91440000730486030B,名称精确匹配,多申请人；名称匹配建议复核；主导申请人与当前权利人不一致
CN202210966264.7,电力巡检无人机,2022,广东电网有限责任公司; 广东电网有限责任公司东莞供电局,广东电网有限责任公司,广东电网有限责任公司; 广东电网有限责任公司东莞供电局,91440000730486030B; 914419007385933083,广东电网有限责任公司,91440000730486030B,名称精确匹配,多申请人；名称匹配建议复核；主导申请人与当前权利人不一致
CN202211260877.5,一种无人机投放式驱鸟器,2022,广东电网有限责任公司; 广东电网有限责任公司汕头供电局,广东电网有限责任公司,广东电网有限责任公司; 广东电网有限责任公司汕头供电局,91440000730486030B; 91440500192720503A,广东电网有限责任公司,91440000730486030B,名称精确匹配,多申请人；名称匹配建议复核；主导申请人与当前权利人不一致
CN202211411533.X,一种无人机风驱式喷洒装置,2022,广东电网有限责任公司; 广东电网有限责任公司汕头供电局,广东电网有限责任公司,广东电网有限责任公司; 广东电网有限责任公司汕头供电局,91440000730486030B; 91440500192720503A,广东电网有限责任公司,91440000730486030B,名称精确匹配,多申请人；名称匹配建议复核；主导申请人与当前权利人不一致
CN202111445352.4,一种固定翼瓦楞结构及固定翼无人机,2021,深圳市中联讯科技有限公司,深圳市中联讯科技有限公司,深圳市中联讯科技有限公司,91440300772714863C,深圳市中科瀚跃科技有限公司,91440300319535226J,相似名称候选(标准名),未匹配到企业；存在高相似候选:0.8
CN202210677391.5,一种无人机降落伞的控制方法、无人机降落伞及无人机,2022,广东电网有限责任公司; 广东电网有限责任公司东莞供电局,广东电网有限责任公司,广东电网有限责任公司; 广东电网有限责任公司东莞供电局,91440000730486030B; 914419007385933083,广东电网有限责任公司,91440000730486030B,名称精确匹配,多申请人；名称匹配建议复核；主导申请人与当前权利人不一致
CN202310540653.8,一种无人机机身及无人机,2023,深圳联合飞机科技有限公司,深圳联合飞机科技有限公司,深圳镧影科技有限公司,914403003116581250,深圳联合飞机科技有限公司,914403003116581250,信用代码直连,主导申请人与当前权利人不一致
CN201911021979.X,一种用于无人机的支架结构,2019,广东电网有限责任公司; 广东电网有限责任公司肇庆供电局,广东电网有限责任公司,广东电网有限责任公司; 广东电网有限责任公司肇庆供电局,91440000730486030B; 914412001952813907,广东电网有限责任公司,91440000730486030B,名称精确匹配,多申请人；名称匹配建议复核；主导申请人与当前权利人不一致
CN202010956508.4,飞行器的机身组件和具有其的飞行器,2020,广州极飞科技有限公司,广州极飞科技有限公司,广州极飞科技股份有限公司,91440106593721849Y,广州极飞科技股份有限公司,91440106593721849Y,当前权利人代码直连,主导申请人与当前权利人不一致
CN202011479597.4,飞行器,2020,广州极飞科技有限公司,广州极飞科技有限公司,广州极飞科技股份有限公司,91440106593721849Y,广州极飞科技股份有限公司,91440106593721849Y,当前权利人代码直连,主导申请人与当前权利人不一致
CN202010955607.0,无人机,2020,广州极飞科技有限公司,广州极飞科技有限公司,广州极飞科技股份有限公司,91440106593721849Y,广州极飞科技股份有限公司,91440106593721849Y,当前权利人代码直连,主导申请人与当前权利人不一致
CN202311340574.9,一种远距离激光铁塔螺栓测振系统及方法,2023,广东电网有限责任公司; 广东电网有限责任公司茂名供电局,广东电网有限责任公司,广东电网有限责任公司; 广东电网有限责任公司茂名供电局,91440000730486030B; 914409021949241474,广东电网有限责任公司,91440000730486030B,名称精确匹配,多申请人；名称匹配建议复核；主导申请人与当前权利人不一致
CN202311583877.3,偏重调节装置以及电力巡检无人机,2023,广东电网有限责任公司; 广东电网有限责任公司汕头供电局,广东电网有限责任公司,广东电网有限责任公司; 广东电网有限责任公司汕头供电局,91440000730486030B; 91440500192720503A,广东电网有限责任公司,91440000730486030B,名称精确匹配,多申请人；名称匹配建议复核；主导申请人与当前权利人不一致
CN202311579718.6,安装云台以及电力巡检无人机,2023,广东电网有限责任公司; 广东电网有限责任公司汕头供电局,广东电网有限责任公司,广东电网有限责任公司; 广东电网有限责任公司汕头供电局,91440000730486030B; 91440500192720503A,广东电网有限责任公司,91440000730486030B,名称精确匹配,多申请人；名称匹配建议复核；主导申请人与当前权利人不一致
CN202311554139.6,一种多功能防鸟装置,2023,广东电网有限责任公司江门供电局; 广东电网有限责任公司,广东电网有限责任公司江门供电局,广东电网有限责任公司江门供电局; 广东电网有限责任公司,9144070361774339XT; 91440000730486030B,广东电网有限责任公司广州供电局,91440101734916755P,相似名称候选(标准名),多申请人；未匹配到企业；主导申请人与当前权利人不一致；存在高相似候选:0.867
CN202311534029.3,一种无人机定位装置,2023,广东电网有限责任公司; 广东电网有限责任公司湛江供电局,广东电网有限责任公司,广东电网有限责任公司; 广东电网有限责任公司湛江供电局,91440000730486030B; 91440803194383571C,广东电网有限责任公司,91440000730486030B,名称精确匹配,多申请人；名称匹配建议复核；主导申请人与当前权利人不一致
CN202311563799.0,一种配电线路通道树障清理装置和作业方法,2023,广东电网有限责任公司; 广东电网有限责任公司佛山供电局,广东电网有限责任公司,广东电网有限责任公司; 广东电网有限责任公司佛山供电局,91440000730486030B; 9144060073757157XN,广东电网有限责任公司,91440000730486030B,名称精确匹配,多申请人；名称匹配建议复核；主导申请人与当前权利人不一致
CN202311563697.9,一种电力检测装置,2023,广东电网有限责任公司; 广东电网有限责任公司佛山供电局,广东电网有限责任公司,广东电网有限责任公司; 广东电网有限责任公司佛山供电局,91440000730486030B; 9144060073757157XN,广东电网有限责任公司,91440000730486030B,名称精确匹配,多申请人；名称匹配建议复核；主导申请人与当前权利人不一致
CN202311624089.4,一种防风偏的输电线路巡检装置,2023,广东电网有限责任公司; 广东电网有限责任公司电力科学研究院,广东电网有限责任公司,广东电网有限责任公司; 广东电网有限责任公司电力科学研究院,91440000730486030B; 91440000890323118Q,广东电网有限责任公司,91440000730486030B,名称精确匹配,多申请人；名称匹配建议复核；主导申请人与当前权利人不一致
CN202311834291.X,一种无人机安装警示灯装置和使用方法,2023,广东电网有限责任公司; 广东电网有限责任公司茂名供电局,广东电网有限责任公司,广东电网有限责任公司; 广东电网有限责任公司茂名供电局,91440000730486030B; 914409021949241474,广东电网有限责任公司,91440000730486030B,名称精确匹配,多申请人；名称匹配建议复核；主导申请人与当前权利人不一致
CN202311721352.1,无人机修剪装置,2023,广东电网有限责任公司; 广东电网有限责任公司清远供电局,广东电网有限责任公司,广东电网有限责任公司; 广东电网有限责任公司清远供电局,91440000730486030B; 914418028975868503,广东电网有限责任公司,91440000730486030B,名称精确匹配,多申请人；名称匹配建议复核；主导申请人与当前权利人不一致
CN202311662079.X,一种输电线路施工过程的管控系统及管控方法,2023,广东电网有限责任公司云浮供电局,广东电网有限责任公司云浮供电局,广东电网有限责任公司云浮供电局,91445302736165326Y,广东电网有限责任公司广州供电局,91440101734916755P,相似名称候选(标准名),未匹配到企业；存在高相似候选:0.867
CN202311847336.7,一种架空线路清洁装置和使用方法,2023,广东电网有限责任公司; 广东电网有限责任公司肇庆供电局,广东电网有限责任公司,广东电网有限责任公司; 广东电网有限责任公司肇庆供电局,91440000730486030B; 914412001952813907,广东电网有限责任公司,91440000730486030B,名称精确匹配,多申请人；名称匹配建议复核；主导申请人与当前权利人不一致
CN202311626580.0,一种输电线路巡检无人机防电磁干扰方法及装置,2023,广东电网有限责任公司肇庆供电局,广东电网有限责任公司肇庆供电局,广东电网有限责任公司肇庆供电局,914412001952813907,广东电网有限责任公司广州供电局,91440101734916755P,相似名称候选(标准名),未匹配到企业；存在高相似候选:0.867
CN202180101680.4,数据采集方法、数据展示方法、数据处理方法、飞行器的降落方法、数据展示系统及存储介质,2021,深圳市大疆创新科技有限公司,深圳市大疆创新科技有限公司,深圳市卓驭科技有限公司,914403007954257495,深圳市大疆创新科技有限公司,914403007954257495,信用代码直连,主导申请人与当前权利人不一致
CN202311831278.9,一种3D打印的无人机机翼及其制备方法,2023,广州中科云飞科技创新有限公司,广州中科云飞科技创新有限公司,广州中科云飞科技创新有限公司,91440112MAC1C93D5C,广州中科云图智能科技有限公司,91440101MA59P95W94,相似名称候选(标准名),未匹配到企业；存在高相似候选:0.786
CN202410315493.1,局部放电的检测方法、装置、电子设备及存储介质,2024,广东电网有限责任公司; 广东电网有限责任公司珠海供电局,广东电网有限责任公司,广东电网有限责任公司; 广东电网有限责任公司珠海供电局,91440000730486030B; 91440400736180497L,广东电网有限责任公司,91440000730486030B,名称精确匹配,多申请人；名称匹配建议复核；主导申请人与当前权利人不一致
CN202211387069.5,一种架空线路的防坠落装置及防坠落方法,2022,广东电网有限责任公司; 广东电网有限责任公司潮州供电局,广东电网有限责任公司,广东电网有限责任公司; 广东电网有限责任公司潮州供电局,91440000730486030B; 914451001981756656,广东电网有限责任公司,91440000730486030B,名称精确匹配,多申请人；名称匹配建议复核；主导申请人与当前权利人不一致
CN202110950585.3,一种未知环境下的旋翼飞行器输电线路巡检方法及装置,2021,广东电网有限责任公司; 广东电网有限责任公司肇庆供电局,广东电网有限责任公司,广东电网有限责任公司; 广东电网有限责任公司肇庆供电局,91440000730486030B; 914412001952813907,广东电网有限责任公司,91440000730486030B,名称精确匹配,多申请人；名称匹配建议复核；主导申请人与当前权利人不一致
CN201880069902.7,农业植保无人机的控制方法、农业植保无人机和计算机可读存储介质,2018,深圳市大疆软件科技有限公司,深圳市大疆软件科技有限公司,深圳市大疆软件科技有限公司,914403003564558746,深圳市大疆灵眸科技有限公司,914403000589938852,相似名称候选(标准名),未匹配到企业；存在高相似候选:0.846
CN202080071437.8,喷洒作业方法、装置、无人机及存储介质,2020,深圳市大疆创新科技有限公司,深圳市大疆创新科技有限公司,深圳市大疆百旺科技有限公司,914403007954257495,深圳市大疆创新科技有限公司,914403007954257495,信用代码直连,主导申请人与当前权利人不一致
CN201911234652.0,一种低速高升阻比布局的激光垂起固定翼无人机,2019,广东电网有限责任公司; 广东电网能源发展有限公司,广东电网有限责任公司,广东电网有限责任公司; 广东电网能源发展有限公司,91440000730486030B; 91440000190324785G,广东电网有限责任公司,91440000730486030B,名称精确匹配,多申请人；名称匹配建议复核；主导申请人与当前权利人不一致
CN202210585513.8,一种喷洒装置及轻量化喷洒无人机,2022,广东电网有限责任公司; 广东电网有限责任公司汕头供电局,广东电网有限责任公司,广东电网有限责任公司; 广东电网有限责任公司汕头供电局,91440000730486030B; 91440500192720503A,广东电网有限责任公司,91440000730486030B,名称精确匹配,多申请人；名称匹配建议复核；主导申请人与当前权利人不一致
CN202211412877.2,一种无人机风驱式喷洒装置,2022,广东电网有限责任公司; 广东电网有限责任公司汕头供电局,广东电网有限责任公司,广东电网有限责任公司; 广东电网有限责任公司汕头供电局,91440000730486030B; 91440500192720503A,广东电网有限责任公司,91440000730486030B,名称精确匹配,多申请人；名称匹配建议复核；主导申请人与当前权利人不一致
CN201810067287.8,一种具有旋翼保护罩的飞行器,2018,深圳市中联讯科技有限公司,深圳市中联讯科技有限公司,深圳市中联讯科技有限公司,91440300772714863C,深圳市中科瀚跃科技有限公司,91440300319535226J,相似名称候选(标准名),未匹配到企业；存在高相似候选:0.8
CN201910440512.2,一种无人机电动折叠飞行桨,2019,广东电网有限责任公司; 广东电网有限责任公司东莞供电局,广东电网有限责任公司,广东电网有限责任公司; 广东电网有限责任公司东莞供电局,91440000730486030B; 914419007385933083,广东电网有限责任公司,91440000730486030B,名称精确匹配,多申请人；名称匹配建议复核；主导申请人与当前权利人不一致
CN202210804869.6,一种电力巡检多旋翼无人机坠机自救保护装置,2022,广东电网有限责任公司; 广东电网有限责任公司潮州供电局,广东电网有限责任公司,广东电网有限责任公司; 广东电网有限责任公司潮州供电局,91440000730486030B; 914451001981756656,广东电网有限责任公司,91440000730486030B,名称精确匹配,多申请人；名称匹配建议复核；主导申请人与当前权利人不一致
CN201910440485.9,一种可折叠的无人机飞行桨,2019,广东电网有限责任公司; 广东电网有限责任公司东莞供电局,广东电网有限责任公司,广东电网有限责任公司; 广东电网有限责任公司东莞供电局,91440000730486030B; 914419007385933083,广东电网有限责任公司,91440000730486030B,名称精确匹配,多申请人；名称匹配建议复核；主导申请人与当前权利人不一致
CN202110960494.8,一种消防救援用无人机,2021,深圳市鹏锦科技有限公司,深圳市鹏锦科技有限公司,深圳市鹏锦科技有限公司,914403007787753765,深圳市鹏葵航空科技有限公司,91440300MADXK55L7T,相似名称候选(标准名),未匹配到企业；存在高相似候选:0.833
CN201911236013.8,一种激光垂起固定翼无人机载荷保护结构,2019,广东电网有限责任公司; 广东电网能源发展有限公司,广东电网有限责任公司,广东电网有限责任公司; 广东电网能源发展有限公司,91440000730486030B; 91440000190324785G,广东电网有限责任公司,91440000730486030B,名称精确匹配,多申请人；名称匹配建议复核；主导申请人与当前权利人不一致
CN202210879719.1,一种电网高空清障机器人,2022,广东电网有限责任公司; 广东电网有限责任公司中山供电局,广东电网有限责任公司,广东电网有限责任公司; 广东电网有限责任公司中山供电局,91440000730486030B; 9144200073755186X1,广东电网有限责任公司,91440000730486030B,名称精确匹配,多申请人；名称匹配建议复核；主导申请人与当前权利人不一致
CN202111350976.8,无人机植保设备和无人机机载喷洒装置,2021,深圳市大疆创新科技有限公司,深圳市大疆创新科技有限公司,深圳市大疆百旺科技有限公司,914403007954257495,深圳市大疆创新科技有限公司,914403007954257495,信用代码直连,主导申请人与当前权利人不一致
CN202310144924.8,一种无人飞行器,2023,深圳联合飞机科技有限公司,深圳联合飞机科技有限公司,深圳中航智飞机装备有限公司,914403003116581250,深圳联合飞机科技有限公司,914403003116581250,信用代码直连,主导申请人与当前权利人不一致
CN202080069840.7,无人机,2020,深圳市大疆创新科技有限公司,深圳市大疆创新科技有限公司,深圳市大疆百旺科技有限公司,914403007954257495,深圳市大疆创新科技有限公司,914403007954257495,信用代码直连,主导申请人与当前权利人不一致
CN202411081041.8,一种免停电装拆的太阳能电力架空线路智能警示装置,2024,广东电网有限责任公司中山供电局,广东电网有限责任公司中山供电局,广东电网有限责任公司中山供电局,9144200073755186X1,广东电网有限责任公司广州供电局,91440101734916755P,相似名称候选(标准名),未匹配到企业；存在高相似候选:0.867
CN202410676976.4,一种无人机及其红外测温方法、装置,2024,广东电网有限责任公司; 广东电网有限责任公司惠州供电局,广东电网有限责任公司,广东电网有限责任公司; 广东电网有限责任公司惠州供电局,91440000730486030B; 91441300617890883M,广东电网有限责任公司,91440000730486030B,名称精确匹配,多申请人；名称匹配建议复核；主导申请人与当前权利人不一致
CN202410787873.5,一种无人机照明系统,2024,广东电网有限责任公司中山供电局,广东电网有限责任公司中山供电局,广东电网有限责任公司中山供电局,9144200073755186X1,广东电网有限责任公司广州供电局,91440101734916755P,相似名称候选(标准名),未匹配到企业；存在高相似候选:0.867
CN202410917991.3,无人机辅助穿引电线防跳线的电线架设安装方法,2024,广东电网有限责任公司; 广东电网有限责任公司揭阳惠来供电局; 广东中毅电力建设有限公司,广东电网有限责任公司,广东电网有限责任公司; 广东电网有限责任公司揭阳惠来供电局; 广东中毅电力建设有限公司,91440000730486030B; ;,广东电网有限责任公司,91440000730486030B,名称精确匹配,多申请人；名称匹配建议复核；主导申请人与当前权利人不一致
CN202411063607.4,无人机喷洒设备及其使用方法,2024,广东电网有限责任公司; 广东电网有限责任公司汕头供电局,广东电网有限责任公司,广东电网有限责任公司; 广东电网有限责任公司汕头供电局,91440000730486030B; 91440500192720503A,广东电网有限责任公司,91440000730486030B,名称精确匹配,多申请人；名称匹配建议复核；主导申请人与当前权利人不一致
CN202310553290.1,一种自动泊车方法、电子设备、车辆及可读存储介质,2023,比亚迪股份有限公司; 比亚迪汽车工业有限公司,比亚迪股份有限公司,比亚迪股份有限公司; 比亚迪汽车工业有限公司,91440300192317458F; 91440300791738553L,比亚迪股份有限公司,91440300192317458F,名称精确匹配,多申请人；名称匹配建议复核；主导申请人与当前权利人不一致
CN202411177219.9,配网线路修复设备以及配网线路修复方法,2024,广东电网有限责任公司; 广东电网有限责任公司梅州供电局,广东电网有限责任公司,广东电网有限责任公司; 广东电网有限责任公司梅州供电局,91440000730486030B; 914414000072087795,广东电网有限责任公司,91440000730486030B,名称精确匹配,多申请人；名称匹配建议复核；主导申请人与当前权利人不一致
CN202111186933.0,隔膜泵及农业无人机,2018,深圳市大疆软件科技有限公司,深圳市大疆软件科技有限公司,深圳市大疆软件科技有限公司,914403003564558746,深圳市大疆灵眸科技有限公司,914403000589938852,相似名称候选(标准名),未匹配到企业；存在高相似候选:0.846
CN202411626125.5,一种电网应急巡视方法、装置、设备及存储介质,2024,广东电网有限责任公司; 广东电网有限责任公司东莞供电局,广东电网有限责任公司,广东电网有限责任公司; 广东电网有限责任公司东莞供电局,91440000730486030B; 914419007385933083,广东电网有限责任公司,91440000730486030B,名称精确匹配,多申请人；名称匹配建议复核；主导申请人与当前权利人不一致
CN202411531546.X,电力巡检的巡检路径确定方法、装置及电子设备,2024,广东电网有限责任公司; 广东电网有限责任公司佛山供电局,广东电网有限责任公司,广东电网有限责任公司; 广东电网有限责任公司佛山供电局,91440000730486030B; 9144060073757157XN,广东电网有限责任公司,91440000730486030B,名称精确匹配,多申请人；名称匹配建议复核；主导申请人与当前权利人不一致
CN202411675314.1,无人机的全生命周期管理方法、系统和装置,2024,广东电网有限责任公司; 广东电网有限责任公司珠海供电局,广东电网有限责任公司,广东电网有限责任公司; 广东电网有限责任公司珠海供电局,91440000730486030B; 91440400736180497L,广东电网有限责任公司,91440000730486030B,名称精确匹配,多申请人；名称匹配建议复核；主导申请人与当前权利人不一致
CN202411766795.7,一种目标区域定位方法、装置、设备、介质及程序产品,2024,广东电网有限责任公司; 广东电网有限责任公司惠州供电局,广东电网有限责任公司,广东电网有限责任公司; 广东电网有限责任公司惠州供电局,91440000730486030B; 91441300617890883M,广东电网有限责任公司,91440000730486030B,名称精确匹配,多申请人；名称匹配建议复核；主导申请人与当前权利人不一致
CN202411954531.4,无人机电磁弹射系统的控制方法、装置及电子设备,2024,广东电网有限责任公司; 广东电网有限责任公司惠州供电局,广东电网有限责任公司,广东电网有限责任公司; 广东电网有限责任公司惠州供电局,91440000730486030B; 91441300617890883M,广东电网有限责任公司,91440000730486030B,名称精确匹配,多申请人；名称匹配建议复核；主导申请人与当前权利人不一致
CN202210984858.0,基于无人机的自动化验电方法、装置、设备及存储介质,2022,广东电网有限责任公司; 广东电网有限责任公司东莞供电局,广东电网有限责任公司,广东电网有限责任公司; 广东电网有限责任公司东莞供电局,91440000730486030B; 914419007385933083,广东电网有限责任公司,91440000730486030B,名称精确匹配,多申请人；名称匹配建议复核；主导申请人与当前权利人不一致
CN202311331490.9,一种电力便道巡检方法、设备及系统,2023,广东电网有限责任公司; 广东电网有限责任公司河源供电局,广东电网有限责任公司,广东电网有限责任公司; 广东电网有限责任公司河源供电局,91440000730486030B; 91441602196972652K,广东电网有限责任公司,91440000730486030B,名称精确匹配,多申请人；名称匹配建议复核；主导申请人与当前权利人不一致
CN202311755257.3,一种电网巡检数据管理方法及相关装置,2023,广东电网有限责任公司; 广东电网有限责任公司佛山供电局,广东电网有限责任公司,广东电网有限责任公司; 广东电网有限责任公司佛山供电局,91440000730486030B; 9144060073757157XN,广东电网有限责任公司,91440000730486030B,名称精确匹配,多申请人；名称匹配建议复核；主导申请人与当前权利人不一致
CN202311793991.9,一种配电网巡检方法、系统和巡检管理平台,2023,广东电网有限责任公司; 广东电网有限责任公司佛山供电局,广东电网有限责任公司,广东电网有限责任公司; 广东电网有限责任公司佛山供电局,91440000730486030B; 9144060073757157XN,广东电网有限责任公司,91440000730486030B,名称精确匹配,多申请人；名称匹配建议复核；主导申请人与当前权利人不一致
CN202410459903.X,配电网络停电分析方法、装置及电子设备,2024,广东电网有限责任公司; 广东电网有限责任公司梅州供电局,广东电网有限责任公司,广东电网有限责任公司; 广东电网有限责任公司梅州供电局,91440000730486030B; 914414000072087795,广东电网有限责任公司,91440000730486030B,名称精确匹配,多申请人；名称匹配建议复核；主导申请人与当前权利人不一致
CN202311387158.4,一种无人机激光作业计划的编排方法、系统、设备和介质,2023,广东电网有限责任公司佛山供电局,广东电网有限责任公司佛山供电局,广东电网有限责任公司佛山供电局,9144060073757157XN,广东电网有限责任公司广州供电局,91440101734916755P,相似名称候选(标准名),未匹配到企业；存在高相似候选:0.867
CN202310725591.8,一种基于负载均衡的电力杆塔验收无人机任务分配方法,2023,广东电网有限责任公司汕尾供电局; 武汉大学,广东电网有限责任公司汕尾供电局,广东电网有限责任公司汕尾供电局; 武汉大学,9144150063284114XA; 12100000707137123P,广东电网有限责任公司广州供电局,91440101734916755P,相似名称候选(标准名),多申请人；未匹配到企业；主导申请人与当前权利人不一致；存在高相似候选:0.867
CN202211083105.9,无人机充电平台,2022,广东电网有限责任公司; 广东电网有限责任公司清远供电局,广东电网有限责任公司,广东电网有限责任公司; 广东电网有限责任公司清远供电局,91440000730486030B; 914418028975868503,广东电网有限责任公司,91440000730486030B,名称精确匹配,多申请人；名称匹配建议复核；主导申请人与当前权利人不一致
CN202210729812.4,一种无人机起降接力棒,2022,广东电网有限责任公司; 广东电网有限责任公司汕头供电局,广东电网有限责任公司,广东电网有限责任公司; 广东电网有限责任公司汕头供电局,91440000730486030B; 91440500192720503A,广东电网有限责任公司,91440000730486030B,名称精确匹配,多申请人；名称匹配建议复核；主导申请人与当前权利人不一致
CN201910385985.7,一种基于作业计划的输电线路智能巡检方法,2019,广东电网有限责任公司; 广东电网有限责任公司佛山供电局,广东电网有限责任公司,广东电网有限责任公司; 广东电网有限责任公司佛山供电局,91440000730486030B; 9144060073757157XN,广东电网有限责任公司,91440000730486030B,名称精确匹配,多申请人；名称匹配建议复核；主导申请人与当前权利人不一致
CN202111263560.2,一种无人机智能远程停靠平台,2021,广东电网有限责任公司; 广东电网有限责任公司佛山供电局,广东电网有限责任公司,广东电网有限责任公司; 广东电网有限责任公司佛山供电局,91440000730486030B; 9144060073757157XN,广东电网有限责任公司,91440000730486030B,名称精确匹配,多申请人；名称匹配建议复核；主导申请人与当前权利人不一致
CN202110923357.7,电力巡检装置,2021,广东电网有限责任公司; 广东电网有限责任公司东莞供电局,广东电网有限责任公司,广东电网有限责任公司; 广东电网有限责任公司东莞供电局,91440000730486030B; 914419007385933083,广东电网有限责任公司,91440000730486030B,名称精确匹配,多申请人；名称匹配建议复核；主导申请人与当前权利人不一致
CN202010618812.8,一种机器人和无人机协同巡检的资源调度方法及装置,2020,广东电网有限责任公司清远供电局,广东电网有限责任公司清远供电局,广东电网有限责任公司清远供电局,914418028975868503,广东电网有限责任公司广州供电局,91440101734916755P,相似名称候选(标准名),未匹配到企业；存在高相似候选:0.867
CN202010200742.4,一种无人机巡检系统及巡检方法,2020,广东电网有限责任公司; 广东电网有限责任公司潮州供电局,广东电网有限责任公司,广东电网有限责任公司; 广东电网有限责任公司潮州供电局,91440000730486030B; 914451001981756656,广东电网有限责任公司,91440000730486030B,名称精确匹配,多申请人；名称匹配建议复核；主导申请人与当前权利人不一致
CN202410994229.5,一种无人机机舱及车辆,2024,比亚迪股份有限公司; 比亚迪汽车工业有限公司,比亚迪股份有限公司,比亚迪股份有限公司; 比亚迪汽车工业有限公司,91440300192317458F; 91440300791738553L,比亚迪股份有限公司,91440300192317458F,名称精确匹配,多申请人；名称匹配建议复核；主导申请人与当前权利人不一致
CN202310682895.0,基于AI的无人机巡航线路信息处理方法及系统,2023,广州中科智云科技有限公司,广州中科智云科技有限公司,广州中科智云科技有限公司,91440101MA5AK5454X,广州中科云图智能科技有限公司,91440101MA59P95W94,相似名称候选(标准名),未匹配到企业；存在高相似候选:0.846
CN202410542522.8,巡检机器人,2024,广东电网有限责任公司; 广东电网有限责任公司佛山供电局,广东电网有限责任公司,广东电网有限责任公司; 广东电网有限责任公司佛山供电局,91440000730486030B; 9144060073757157XN,广东电网有限责任公司,91440000730486030B,名称精确匹配,多申请人；名称匹配建议复核；主导申请人与当前权利人不一致
CN202410824340.X,无人机电磁屏蔽装置的参数确定方法、装置、设备及介质,2024,广东电网有限责任公司; 广东电网有限责任公司潮州供电局,广东电网有限责任公司,广东电网有限责任公司; 广东电网有限责任公司潮州供电局,91440000730486030B; 914451001981756656,广东电网有限责任公司,91440000730486030B,名称精确匹配,多申请人；名称匹配建议复核；主导申请人与当前权利人不一致
CN202411207037.1,一种输电杆塔倾斜检测方法、装置、设备、介质及产品,2024,广东电网有限责任公司; 广东电网有限责任公司汕头供电局,广东电网有限责任公司,广东电网有限责任公司; 广东电网有限责任公司汕头供电局,91440000730486030B; 91440500192720503A,广东电网有限责任公司,91440000730486030B,名称精确匹配,多申请人；名称匹配建议复核；主导申请人与当前权利人不一致
CN202410897640.0,一种电网风险的处理方法及电子设备,2024,广东电网有限责任公司; 广东电网有限责任公司梅州供电局,广东电网有限责任公司,广东电网有限责任公司; 广东电网有限责任公司梅州供电局,91440000730486030B; 914414000072087795,广东电网有限责任公司,91440000730486030B,名称精确匹配,多申请人；名称匹配建议复核；主导申请人与当前权利人不一致
CN202411339023.5,一种无人机检测方法、装置、设备及介质,2024,广东电网有限责任公司; 广东电网有限责任公司惠州供电局,广东电网有限责任公司,广东电网有限责任公司; 广东电网有限责任公司惠州供电局,91440000730486030B; 91441300617890883M,广东电网有限责任公司,91440000730486030B,名称精确匹配,多申请人；名称匹配建议复核；主导申请人与当前权利人不一致
CN202411523043.8,基于随机森林和一类分类策略的电力线目标提取方法,2024,广东电网有限责任公司; 广东电网有限责任公司中山供电局,广东电网有限责任公司,广东电网有限责任公司; 广东电网有限责任公司中山供电局,91440000730486030B; 9144200073755186X1,广东电网有限责任公司,91440000730486030B,名称精确匹配,多申请人；名称匹配建议复核；主导申请人与当前权利人不一致
CN202111302408.0,一种基于目标追踪的配网线路巡检方法及相关装置,2021,广东电网有限责任公司; 广东电网有限责任公司佛山供电局,广东电网有限责任公司,广东电网有限责任公司; 广东电网有限责任公司佛山供电局,91440000730486030B; 9144060073757157XN,广东电网有限责任公司,91440000730486030B,名称精确匹配,多申请人；名称匹配建议复核；主导申请人与当前权利人不一致
CN202411571449.3,基于无人机多源遥感的输电线路树障隐患自动识别方法,2024,广东电网有限责任公司; 广东电网有限责任公司中山供电局,广东电网有限责任公司,广东电网有限责任公司; 广东电网有限责任公司中山供电局,91440000730486030B; 9144200073755186X1,广东电网有限责任公司,91440000730486030B,名称精确匹配,多申请人；名称匹配建议复核；主导申请人与当前权利人不一致
CN202411603286.2,输电线路的巡检方法、装置、计算机程序产品和巡检系统,2024,广东电网有限责任公司; 广东电网有限责任公司中山供电局,广东电网有限责任公司,广东电网有限责任公司; 广东电网有限责任公司中山供电局,91440000730486030B; 9144200073755186X1,广东电网有限责任公司,91440000730486030B,名称精确匹配,多申请人；名称匹配建议复核；主导申请人与当前权利人不一致
CN202411802595.2,一种针对架空导线的巡检系统及巡检平台,2024,广东电网有限责任公司; 广东电网有限责任公司肇庆供电局,广东电网有限责任公司,广东电网有限责任公司; 广东电网有限责任公司肇庆供电局,91440000730486030B; 914412001952813907,广东电网有限责任公司,91440000730486030B,名称精确匹配,多申请人；名称匹配建议复核；主导申请人与当前权利人不一致
CN202411543844.0,一种低空飞行巡检的自适应检测及检测系统,2024,深圳市喜悦智慧实验室有限公司,深圳市喜悦智慧实验室有限公司,深圳市喜悦智慧实验室有限公司,91440300326543953W,深圳市喜悦智慧数据有限公司,91440300319512147W,相似名称候选(标准名),未匹配到企业；主导申请人为高校或科研机构；存在高相似候选:0.815
CN202411560393.1,一种多机巢异地起降的无人机自主巡检方法及系统,2024,深圳市喜悦智慧实验室有限公司,深圳市喜悦智慧实验室有限公司,深圳市喜悦智慧实验室有限公司,91440300326543953W,深圳市喜悦智慧数据有限公司,91440300319512147W,相似名称候选(标准名),未匹配到企业；主导申请人为高校或科研机构；存在高相似候选:0.815
CN202411425048.7,基于SAE的高压输电线路断股缺陷识别检测方法,2024,广东电网有限责任公司; 广东顺畅科技有限公司; 广东工业大学,广东电网有限责任公司,广东电网有限责任公司; 广东顺畅科技有限公司; 广东工业大学,91440000730486030B; 91440703781166336P; 12440000455860226X,广东电网有限责任公司,91440000730486030B,名称精确匹配,多申请人；名称匹配建议复核；主导申请人与当前权利人不一致
CN202411802635.3,基于无人机集群的变电站巡检方法、电子设备及存储介质,2024,广东电网有限责任公司; 广东电网有限责任公司珠海供电局,广东电网有限责任公司,广东电网有限责任公司; 广东电网有限责任公司珠海供电局,91440000730486030B; 91440400736180497L,广东电网有限责任公司,91440000730486030B,名称精确匹配,多申请人；名称匹配建议复核；主导申请人与当前权利人不一致
CN202411744338.8,无人机巡检图像的强化方法、装置、电子设备及存储介质,2024,广东电网有限责任公司; 广东电网有限责任公司中山供电局,广东电网有限责任公司,广东电网有限责任公司; 广东电网有限责任公司中山供电局,91440000730486030B; 9144200073755186X1,广东电网有限责任公司,91440000730486030B,名称精确匹配,多申请人；名称匹配建议复核；主导申请人与当前权利人不一致
CN202411917903.6,输电塔的地址确定方法、装置、计算机可读存储介质和处理器,2024,广东电网有限责任公司; 广东电网有限责任公司中山供电局,广东电网有限责任公司,广东电网有限责任公司; 广东电网有限责任公司中山供电局,91440000730486030B; 9144200073755186X1,广东电网有限责任公司,91440000730486030B,名称精确匹配,多申请人；名称匹配建议复核；主导申请人与当前权利人不一致
CN202411773125.8,无人机巡检导航方法、系统、电子设备及存储介质,2024,广东电网有限责任公司; 广东电网有限责任公司中山供电局,广东电网有限责任公司,广东电网有限责任公司; 广东电网有限责任公司中山供电局,91440000730486030B; 9144200073755186X1,广东电网有限责任公司,91440000730486030B,名称精确匹配,多申请人；名称匹配建议复核；主导申请人与当前权利人不一致
CN202411773216.1,无人机巡检图像的重建方法、装置、电子设备及存储介质,2024,广东电网有限责任公司; 广东电网有限责任公司中山供电局,广东电网有限责任公司,广东电网有限责任公司; 广东电网有限责任公司中山供电局,91440000730486030B; 9144200073755186X1,广东电网有限责任公司,91440000730486030B,名称精确匹配,多申请人；名称匹配建议复核；主导申请人与当前权利人不一致
CN202411773215.7,无人机巡检对象的照明方法、装置、电子设备及存储介质,2024,广东电网有限责任公司; 广东电网有限责任公司中山供电局,广东电网有限责任公司,广东电网有限责任公司; 广东电网有限责任公司中山供电局,91440000730486030B; 9144200073755186X1,广东电网有限责任公司,91440000730486030B,名称精确匹配,多申请人；名称匹配建议复核；主导申请人与当前权利人不一致
CN202311400922.7,一种航拍图像输电线路细小金具识别方法,2023,广东电网有限责任公司云浮供电局,广东电网有限责任公司云浮供电局,广东电网有限责任公司云浮供电局,91445302736165326Y,广东电网有限责任公司广州供电局,91440101734916755P,相似名称候选(标准名),未匹配到企业；存在高相似候选:0.867
CN202311755202.2,一种无人机巡检方法、系统、设备和介质,2023,广东电网有限责任公司; 广东电网有限责任公司中山供电局,广东电网有限责任公司,广东电网有限责任公司; 广东电网有限责任公司中山供电局,91440000730486030B; 9144200073755186X1,广东电网有限责任公司,91440000730486030B,名称精确匹配,多申请人；名称匹配建议复核；主导申请人与当前权利人不一致
CN202311667592.8,一种基于无人机巡检的图像边缘检测方法及装置,2023,广东电网有限责任公司; 广东电网有限责任公司电力科学研究院,广东电网有限责任公司,广东电网有限责任公司; 广东电网有限责任公司电力科学研究院,91440000730486030B; 91440000890323118Q,广东电网有限责任公司,91440000730486030B,名称精确匹配,多申请人；名称匹配建议复核；主导申请人与当前权利人不一致
CN202311803596.4,无人机巡检路径优化方法、装置、电子设备和存储介质,2023,广东电网有限责任公司; 广东电网有限责任公司汕头供电局,广东电网有限责任公司,广东电网有限责任公司; 广东电网有限责任公司汕头供电局,91440000730486030B; 91440500192720503A,广东电网有限责任公司,91440000730486030B,名称精确匹配,多申请人；名称匹配建议复核；主导申请人与当前权利人不一致
CN202410252740.8,一种输电线路缺陷识别方法、装置、设备及存储介质,2024,广东电网有限责任公司; 广东电网有限责任公司汕头供电局,广东电网有限责任公司,广东电网有限责任公司; 广东电网有限责任公司汕头供电局,91440000730486030B; 91440500192720503A,广东电网有限责任公司,91440000730486030B,名称精确匹配,多申请人；名称匹配建议复核；主导申请人与当前权利人不一致
CN202410083622.9,面向输电线路的安全隐患检测方法及装置,2024,广东电网有限责任公司云浮供电局,广东电网有限责任公司云浮供电局,广东电网有限责任公司云浮供电局,91445302736165326Y,广东电网有限责任公司广州供电局,91440101734916755P,相似名称候选(标准名),未匹配到企业；存在高相似候选:0.867
CN202410361034.7,电力设备的无人机巡检方法、装置和电子设备,2024,广东电网有限责任公司; 广东电网有限责任公司云浮供电局,广东电网有限责任公司,广东电网有限责任公司; 广东电网有限责任公司云浮供电局,91440000730486030B; 91445302736165326Y,广东电网有限责任公司,91440000730486030B,名称精确匹配,多申请人；名称匹配建议复核；主导申请人与当前权利人不一致
CN202311347115.3,路面巡检方法、装置、设备及可读存储介质,2023,深圳市思友科技有限公司,深圳市思友科技有限公司,深圳市思友科技有限公司,91440300MA5EKYTY3C,深圳市大疆灵眸科技有限公司,914403000589938852,相似名称候选(曾用名),未匹配到企业；存在高相似候选:0.909
CN202111447233.2,无人机的巡检装置切换方法、装置、电子设备及存储介质,2021,广东电网有限责任公司; 广东电网有限责任公司东莞供电局,广东电网有限责任公司,广东电网有限责任公司; 广东电网有限责任公司东莞供电局,91440000730486030B; 914419007385933083,广东电网有限责任公司,91440000730486030B,名称精确匹配,多申请人；名称匹配建议复核；主导申请人与当前权利人不一致
CN202011359543.4,一种电力线巡检影像密集匹配方法,2020,广东电网有限责任公司肇庆供电局,广东电网有限责任公司肇庆供电局,广东电网有限责任公司肇庆供电局,914412001952813907,广东电网有限责任公司广州供电局,91440101734916755P,相似名称候选(标准名),未匹配到企业；存在高相似候选:0.867
CN202010548758.4,一种输电线路无人机巡检数据处理方法,2020,广东电网有限责任公司; 广东电网有限责任公司佛山供电局,广东电网有限责任公司,广东电网有限责任公司; 广东电网有限责任公司佛山供电局,91440000730486030B; 9144060073757157XN,广东电网有限责任公司,91440000730486030B,名称精确匹配,多申请人；名称匹配建议复核；主导申请人与当前权利人不一致
CN202110844331.3,一种输电线路巡检机器人增稳控制方法及装置,2021,广东电网有限责任公司; 广东电网有限责任公司肇庆供电局,广东电网有限责任公司,广东电网有限责任公司; 广东电网有限责任公司肇庆供电局,91440000730486030B; 914412001952813907,广东电网有限责任公司,91440000730486030B,名称精确匹配,多申请人；名称匹配建议复核；主导申请人与当前权利人不一致
CN202111065829.6,立体化输电走廊山火监测装置及方法,2021,广东电网有限责任公司; 广东电网有限责任公司电力科学研究院,广东电网有限责任公司,广东电网有限责任公司; 广东电网有限责任公司电力科学研究院,91440000730486030B; 91440000890323118Q,广东电网有限责任公司,91440000730486030B,名称精确匹配,多申请人；名称匹配建议复核；主导申请人与当前权利人不一致
CN202110327157.5,一种输电线路远距离智能巡检系统及方法,2021,广东电网有限责任公司珠海供电局,广东电网有限责任公司珠海供电局,广东电网有限责任公司珠海供电局,91440400736180497L,广东电网有限责任公司广州供电局,91440101734916755P,相似名称候选(标准名),未匹配到企业；存在高相似候选:0.867
CN202011467027.3,多机协同巡检系统,2020,广东电网有限责任公司佛山供电局; 南方电网数字电网研究院有限公司,广东电网有限责任公司佛山供电局,南方电网数字电网科技(广东)有限公司,9144060073757157XN; 91440000MA4WCUGX22,广东电网有限责任公司广州供电局,91440101734916755P,相似名称候选(标准名),多申请人；未匹配到企业；主导申请人与当前权利人不一致；存在高相似候选:0.867
CN202210760258.6,输电线路巡检系统部署方法、装置、存储介质和设备,2022,广东电网有限责任公司; 广东电网有限责任公司佛山供电局,广东电网有限责任公司,广东电网有限责任公司; 广东电网有限责任公司佛山供电局,91440000730486030B; 9144060073757157XN,广东电网有限责任公司,91440000730486030B,名称精确匹配,多申请人；名称匹配建议复核；主导申请人与当前权利人不一致
CN202011468169.1,接力的无人机巡检系统,2020,广东电网有限责任公司佛山供电局; 南方电网数字电网研究院有限公司,广东电网有限责任公司佛山供电局,南方电网数字电网科技(广东)有限公司,9144060073757157XN; 91440000MA4WCUGX22,广东电网有限责任公司广州供电局,91440101734916755P,相似名称候选(标准名),多申请人；未匹配到企业；主导申请人与当前权利人不一致；存在高相似候选:0.867
CN202110949156.4,一种输电线路目标缺陷检测示警方法及系统,2021,广东电网有限责任公司; 广东电网有限责任公司肇庆供电局,广东电网有限责任公司,广东电网有限责任公司; 广东电网有限责任公司肇庆供电局,91440000730486030B; 914412001952813907,广东电网有限责任公司,91440000730486030B,名称精确匹配,多申请人；名称匹配建议复核；主导申请人与当前权利人不一致
CN202110950594.2,一种基于无人机的输电线路监测方法及装置,2021,广东电网有限责任公司; 广东电网有限责任公司肇庆供电局,广东电网有限责任公司,广东电网有限责任公司; 广东电网有限责任公司肇庆供电局,91440000730486030B; 914412001952813907,广东电网有限责任公司,91440000730486030B,名称精确匹配,多申请人；名称匹配建议复核；主导申请人与当前权利人不一致
CN202210373046.2,巡检装置、方法、无人机、系统和存储介质,2022,广东电网有限责任公司佛山供电局,广东电网有限责任公司佛山供电局,广东电网有限责任公司佛山供电局,9144060073757157XN,广东电网有限责任公司广州供电局,91440101734916755P,相似名称候选(标准名),未匹配到企业；存在高相似候选:0.867
CN202410490339.8,面向电力巡检的无人机航线确定方法、装置和电子设备,2024,广东电网有限责任公司云浮供电局,广东电网有限责任公司云浮供电局,广东电网有限责任公司云浮供电局,91445302736165326Y,广东电网有限责任公司广州供电局,91440101734916755P,相似名称候选(标准名),未匹配到企业；存在高相似候选:0.867
CN202410727633.6,一种配电网巡检方法、装置、电子设备和存储介质,2024,广东电网有限责任公司; 广东电网有限责任公司梅州供电局,广东电网有限责任公司,广东电网有限责任公司; 广东电网有限责任公司梅州供电局,91440000730486030B; 914414000072087795,广东电网有限责任公司,91440000730486030B,名称精确匹配,多申请人；名称匹配建议复核；主导申请人与当前权利人不一致
CN202410667797.4,一种轻量化的多无人机电网巡检故障识别方法及系统,2024,广东电网有限责任公司信息中心,广东电网有限责任公司信息中心,广东电网有限责任公司信息中心,91440104693553264E,广东电网有限责任公司,91440000730486030B,相似名称候选(标准名),未匹配到企业；存在高相似候选:0.833
CN202410901399.4,一种巡检业务管理系统,2024,广州中科智云科技有限公司,广州中科智云科技有限公司,广州中科智云科技有限公司,91440101MA5AK5454X,广州中科云图智能科技有限公司,91440101MA59P95W94,相似名称候选(标准名),未匹配到企业；存在高相似候选:0.846
CN202410808446.0,一种变电站内无人机巡检方法、装置、设备及存储介质,2024,广东电网有限责任公司; 广东电网有限责任公司潮州供电局,广东电网有限责任公司,广东电网有限责任公司; 广东电网有限责任公司潮州供电局,91440000730486030B; 914451001981756656,广东电网有限责任公司,91440000730486030B,名称精确匹配,多申请人；名称匹配建议复核；主导申请人与当前权利人不一致
CN202410862034.5,输电线路识别方法、装置、电子设备和存储介质,2024,广东电网有限责任公司; 广东电网有限责任公司汕头供电局,广东电网有限责任公司,广东电网有限责任公司; 广东电网有限责任公司汕头供电局,91440000730486030B; 91440500192720503A,广东电网有限责任公司,91440000730486030B,名称精确匹配,多申请人；名称匹配建议复核；主导申请人与当前权利人不一致
CN202410858762.9,基于改进粒子群算法的无人机电力巡线三维航迹规划方法,2024,广东电网有限责任公司江门供电局,广东电网有限责任公司江门供电局,广东电网有限责任公司江门供电局,9144070361774339XT,广东电网有限责任公司广州供电局,91440101734916755P,相似名称候选(标准名),未匹配到企业；存在高相似候选:0.867
CN202410836070.4,一种基于计算机视觉的电力线三维安全通道建立方法,2024,广东电网有限责任公司江门供电局,广东电网有限责任公司江门供电局,广东电网有限责任公司江门供电局,9144070361774339XT,广东电网有限责任公司广州供电局,91440101734916755P,相似名称候选(标准名),未匹配到企业；存在高相似候选:0.867
CN202410963780.3,基于无人机的输电线路检测方法,2024,广东电网有限责任公司; 广东电网有限责任公司汕头供电局,广东电网有限责任公司,广东电网有限责任公司; 广东电网有限责任公司汕头供电局,91440000730486030B; 91440500192720503A,广东电网有限责任公司,91440000730486030B,名称精确匹配,多申请人；名称匹配建议复核；主导申请人与当前权利人不一致
CN202411222671.2,考虑巡检需求紧急程度的无人机自主巡检方法和装置,2024,广东电网有限责任公司云浮供电局,广东电网有限责任公司云浮供电局,广东电网有限责任公司云浮供电局,91445302736165326Y,广东电网有限责任公司广州供电局,91440101734916755P,相似名称候选(标准名),未匹配到企业；存在高相似候选:0.867
CN202410976194.2,基于无人机巡检的轻量化目标检测方法及装置,2024,广东电网有限责任公司云浮供电局,广东电网有限责任公司云浮供电局,广东电网有限责任公司云浮供电局,91445302736165326Y,广东电网有限责任公司广州供电局,91440101734916755P,相似名称候选(标准名),未匹配到企业；存在高相似候选:0.867
CN202411226114.8,无人机的巡检航线规划方法、装置、设备及存储介质,2024,广东电网有限责任公司; 广东电网有限责任公司惠州供电局,广东电网有限责任公司,广东电网有限责任公司; 广东电网有限责任公司惠州供电局,91440000730486030B; 91441300617890883M,广东电网有限责任公司,91440000730486030B,名称精确匹配,多申请人；名称匹配建议复核；主导申请人与当前权利人不一致
CN202411175461.2,电力线路的巡检方法、装置、无人机及存储介质,2024,广东电网有限责任公司; 广东电网有限责任公司汕头供电局,广东电网有限责任公司,广东电网有限责任公司; 广东电网有限责任公司汕头供电局,91440000730486030B; 91440500192720503A,广东电网有限责任公司,91440000730486030B,名称精确匹配,多申请人；名称匹配建议复核；主导申请人与当前权利人不一致
